config,label,mods,suite,unit,higher_is_better,opengl,vulkan,delta_pct
sodium,Sodium only,,renderer_fps,FPS,True,26.813675,22.601865,-15.707693928564437
sodium,Sodium only,,particle,FPS,True,53.24413,45.58307,-14.388553254602899
sodium,Sodium only,,block_entity,FPS,True,44.54902,39.57342,-11.168820324218132
sodium,Sodium only,,chunk_generation,FPS,True,33.29375,29.96758,-9.990373568612732
sodium,Sodium only,,lighting,FPS,True,52.23012,40.64158,-22.187465776452363
sodium,Sodium only,,memory,MB,False,1855.039,2211.43,19.212048911101043
sodium,Sodium only,,network,FPS,True,52.76845,44.19702,-16.243475031008114
sodium__ec_li_c2me,Sodium + EntityCulling + Lithium + C2ME,entityculling + lithium + c2me-fabric,renderer_fps,FPS,True,24.20625,19.95566,-17.55988639297702
sodium__ec_li_c2me,Sodium + EntityCulling + Lithium + C2ME,entityculling + lithium + c2me-fabric,particle,FPS,True,41.88364,40.35518,-3.6493007771053354
sodium__ec_li_c2me,Sodium + EntityCulling + Lithium + C2ME,entityculling + lithium + c2me-fabric,block_entity,FPS,True,32.76425,30.95965,-5.507832469841356
sodium__ec_li_c2me,Sodium + EntityCulling + Lithium + C2ME,entityculling + lithium + c2me-fabric,chunk_generation,FPS,True,29.86893,26.93393,-9.8262642819813
sodium__ec_li_c2me,Sodium + EntityCulling + Lithium + C2ME,entityculling + lithium + c2me-fabric,lighting,FPS,True,48.66673,42.63669,-12.39047702609154
sodium__ec_li_c2me,Sodium + EntityCulling + Lithium + C2ME,entityculling + lithium + c2me-fabric,memory,MB,False,1896.625,1965.789,3.6466881961378705
sodium__ec_li_c2me,Sodium + EntityCulling + Lithium + C2ME,entityculling + lithium + c2me-fabric,network,FPS,True,52.98662,41.60703,-21.476346292705596
sodium__ec_mc_li_fc,Sodium + EntityCulling + MoreCulling + Lithium + FerriteCore,entityculling + moreculling + lithium + ferrite-core,renderer_fps,FPS,True,27.69482,25.165419999999997,-9.133115867877105
sodium__ec_mc_li_fc,Sodium + EntityCulling + MoreCulling + Lithium + FerriteCore,entityculling + moreculling + lithium + ferrite-core,particle,FPS,True,53.30614,43.94739,-17.556607925465993
sodium__ec_mc_li_fc,Sodium + EntityCulling + MoreCulling + Lithium + FerriteCore,entityculling + moreculling + lithium + ferrite-core,block_entity,FPS,True,42.61187,39.47647,-7.35804366248185
sodium__ec_mc_li_fc,Sodium + EntityCulling + MoreCulling + Lithium + FerriteCore,entityculling + moreculling + lithium + ferrite-core,chunk_generation,FPS,True,36.51069,30.99976,-15.09401766989339
sodium__ec_mc_li_fc,Sodium + EntityCulling + MoreCulling + Lithium + FerriteCore,entityculling + moreculling + lithium + ferrite-core,lighting,FPS,True,60.01889,49.19569,-18.03298928054151
sodium__ec_mc_li_fc,Sodium + EntityCulling + MoreCulling + Lithium + FerriteCore,entityculling + moreculling + lithium + ferrite-core,memory,MB,False,1849.734,1868.496,1.014308003204789
sodium__ec_mc_li_fc,Sodium + EntityCulling + MoreCulling + Lithium + FerriteCore,entityculling + moreculling + lithium + ferrite-core,network,FPS,True,55.66488,48.00347,-13.763453725221353
sodium__if_mc_c2me_bo_bbe,Sodium + ImmediatelyFast + MoreCulling + C2ME + BadOptimizations + Better Block Entities,immediatelyfast + moreculling + c2me-fabric + badoptimizations + better-block-entities,renderer_fps,FPS,True,19.441285,18.018815,-7.316748867165934
sodium__if_mc_c2me_bo_bbe,Sodium + ImmediatelyFast + MoreCulling + C2ME + BadOptimizations + Better Block Entities,immediatelyfast + moreculling + c2me-fabric + badoptimizations + better-block-entities,particle,FPS,True,38.73235,35.32938,-8.785859881984948
sodium__if_mc_c2me_bo_bbe,Sodium + ImmediatelyFast + MoreCulling + C2ME + BadOptimizations + Better Block Entities,immediatelyfast + moreculling + c2me-fabric + badoptimizations + better-block-entities,block_entity,FPS,True,29.52794,26.63573,-9.794824833699888
sodium__if_mc_c2me_bo_bbe,Sodium + ImmediatelyFast + MoreCulling + C2ME + BadOptimizations + Better Block Entities,immediatelyfast + moreculling + c2me-fabric + badoptimizations + better-block-entities,chunk_generation,FPS,True,29.09137,28.44827,-2.2106212254699553
sodium__if_mc_c2me_bo_bbe,Sodium + ImmediatelyFast + MoreCulling + C2ME + BadOptimizations + Better Block Entities,immediatelyfast + moreculling + c2me-fabric + badoptimizations + better-block-entities,lighting,FPS,True,43.92899,39.02947,-11.153272588329477
sodium__if_mc_c2me_bo_bbe,Sodium + ImmediatelyFast + MoreCulling + C2ME + BadOptimizations + Better Block Entities,immediatelyfast + moreculling + c2me-fabric + badoptimizations + better-block-entities,memory,MB,False,2150.594,2290.078,6.485836006238266
sodium__if_mc_c2me_bo_bbe,Sodium + ImmediatelyFast + MoreCulling + C2ME + BadOptimizations + Better Block Entities,immediatelyfast + moreculling + c2me-fabric + badoptimizations + better-block-entities,network,FPS,True,53.02551,41.6972,-21.363886929140318
sodium__if,Sodium + ImmediatelyFast,immediatelyfast,renderer_fps,FPS,True,13.013494999999999,13.2813,2.057902200753925
sodium__if,Sodium + ImmediatelyFast,immediatelyfast,particle,FPS,True,34.89411,32.67379,-6.363022298032539
sodium__if,Sodium + ImmediatelyFast,immediatelyfast,block_entity,FPS,True,26.08764,25.40711,-2.608629987227673
sodium__if,Sodium + ImmediatelyFast,immediatelyfast,chunk_generation,FPS,True,19.52541,19.8279,1.5492120267897036
sodium__if,Sodium + ImmediatelyFast,immediatelyfast,lighting,FPS,True,34.70696,30.80006,-11.256819957726073
sodium__if,Sodium + ImmediatelyFast,immediatelyfast,memory,MB,False,1957.516,1907.691,-2.545317637250477
sodium__if,Sodium + ImmediatelyFast,immediatelyfast,network,FPS,True,37.95865,34.12047,-10.111476567264644
sodium__ec_li_bo,Sodium + EntityCulling + Lithium + BadOptimizations,entityculling + lithium + badoptimizations,renderer_fps,FPS,True,18.710575,16.84508,-9.970270822783366
sodium__ec_li_bo,Sodium + EntityCulling + Lithium + BadOptimizations,entityculling + lithium + badoptimizations,particle,FPS,True,35.1015,33.51802,-4.511146247311371
sodium__ec_li_bo,Sodium + EntityCulling + Lithium + BadOptimizations,entityculling + lithium + badoptimizations,block_entity,FPS,True,29.44003,29.88768,1.5205487222669234
sodium__ec_li_bo,Sodium + EntityCulling + Lithium + BadOptimizations,entityculling + lithium + badoptimizations,chunk_generation,FPS,True,30.06866,21.13757,-29.702321287347022
sodium__ec_li_bo,Sodium + EntityCulling + Lithium + BadOptimizations,entityculling + lithium + badoptimizations,lighting,FPS,True,43.60149,39.17124,-10.160776615661526
sodium__ec_li_bo,Sodium + EntityCulling + Lithium + BadOptimizations,entityculling + lithium + badoptimizations,memory,MB,False,2082.961,1828.086,-12.236186851314057
sodium__ec_li_bo,Sodium + EntityCulling + Lithium + BadOptimizations,entityculling + lithium + badoptimizations,network,FPS,True,40.35777,34.84864,-13.650729463000555
sodium__ec_mc_li_c2me,Sodium + EntityCulling + MoreCulling + Lithium + C2ME,entityculling + moreculling + lithium + c2me-fabric,renderer_fps,FPS,True,11.784115,11.713854999999999,-0.5962263606558604
sodium__ec_mc_li_c2me,Sodium + EntityCulling + MoreCulling + Lithium + C2ME,entityculling + moreculling + lithium + c2me-fabric,particle,FPS,True,21.44754,17.75797,-17.202765445361102
sodium__ec_mc_li_c2me,Sodium + EntityCulling + MoreCulling + Lithium + C2ME,entityculling + moreculling + lithium + c2me-fabric,block_entity,FPS,True,14.17057,15.98552,12.807882816287552
sodium__ec_mc_li_c2me,Sodium + EntityCulling + MoreCulling + Lithium + C2ME,entityculling + moreculling + lithium + c2me-fabric,chunk_generation,FPS,True,22.94311,20.69346,-9.805340252476668
sodium__ec_mc_li_c2me,Sodium + EntityCulling + MoreCulling + Lithium + C2ME,entityculling + moreculling + lithium + c2me-fabric,lighting,FPS,True,19.09125,19.84402,3.943010541478431
sodium__ec_mc_li_c2me,Sodium + EntityCulling + MoreCulling + Lithium + C2ME,entityculling + moreculling + lithium + c2me-fabric,memory,MB,False,1828.664,2177.715,19.08776024463763
sodium__ec_mc_li_c2me,Sodium + EntityCulling + MoreCulling + Lithium + C2ME,entityculling + moreculling + lithium + c2me-fabric,network,FPS,True,18.93574,25.01289,32.0935437432073
sodium__if_li_fc_c2me_bo,Sodium + ImmediatelyFast + Lithium + FerriteCore + C2ME + BadOptimizations,immediatelyfast + lithium + ferrite-core + c2me-fabric + badoptimizations,renderer_fps,FPS,True,14.129445,12.421865,-12.085258833591839
sodium__if_li_fc_c2me_bo,Sodium + ImmediatelyFast + Lithium + FerriteCore + C2ME + BadOptimizations,immediatelyfast + lithium + ferrite-core + c2me-fabric + badoptimizations,particle,FPS,True,21.88969,19.43726,-11.20358488402532
sodium__if_li_fc_c2me_bo,Sodium + ImmediatelyFast + Lithium + FerriteCore + C2ME + BadOptimizations,immediatelyfast + lithium + ferrite-core + c2me-fabric + badoptimizations,block_entity,FPS,True,16.46109,18.64231,13.250762859567633
sodium__if_li_fc_c2me_bo,Sodium + ImmediatelyFast + Lithium + FerriteCore + C2ME + BadOptimizations,immediatelyfast + lithium + ferrite-core + c2me-fabric + badoptimizations,chunk_generation,FPS,True,22.40068,22.41426,0.060623159654071834
sodium__if_li_fc_c2me_bo,Sodium + ImmediatelyFast + Lithium + FerriteCore + C2ME + BadOptimizations,immediatelyfast + lithium + ferrite-core + c2me-fabric + badoptimizations,lighting,FPS,True,21.8352,25.41567,16.397697296109026
sodium__if_li_fc_c2me_bo,Sodium + ImmediatelyFast + Lithium + FerriteCore + C2ME + BadOptimizations,immediatelyfast + lithium + ferrite-core + c2me-fabric + badoptimizations,memory,MB,False,1834.828,2020.16,10.100783288678826
sodium__if_li_fc_c2me_bo,Sodium + ImmediatelyFast + Lithium + FerriteCore + C2ME + BadOptimizations,immediatelyfast + lithium + ferrite-core + c2me-fabric + badoptimizations,network,FPS,True,22.83723,23.45364,2.6991452115689984
sodium__if_mc,Sodium + ImmediatelyFast + MoreCulling,immediatelyfast + moreculling,renderer_fps,FPS,True,12.222345,11.285275,-7.666859346549293
sodium__if_mc,Sodium + ImmediatelyFast + MoreCulling,immediatelyfast + moreculling,particle,FPS,True,36.45574,28.85594,-20.846648566179148
sodium__if_mc,Sodium + ImmediatelyFast + MoreCulling,immediatelyfast + moreculling,block_entity,FPS,True,22.69389,17.15859,-24.39114669190694
sodium__if_mc,Sodium + ImmediatelyFast + MoreCulling,immediatelyfast + moreculling,chunk_generation,FPS,True,20.39253,20.11349,-1.3683441927019424
sodium__if_mc,Sodium + ImmediatelyFast + MoreCulling,immediatelyfast + moreculling,lighting,FPS,True,37.65859,25.92243,-31.164629371413
sodium__if_mc,Sodium + ImmediatelyFast + MoreCulling,immediatelyfast + moreculling,memory,MB,False,2189.543,2309.48,5.47771840973208
sodium__if_mc,Sodium + ImmediatelyFast + MoreCulling,immediatelyfast + moreculling,network,FPS,True,37.28369,23.28377,-37.549716779642786
sodium__mc_li_c2me,Sodium + MoreCulling + Lithium + C2ME,moreculling + lithium + c2me-fabric,renderer_fps,FPS,True,13.488949999999999,11.201945,-16.954655477261007
sodium__mc_li_c2me,Sodium + MoreCulling + Lithium + C2ME,moreculling + lithium + c2me-fabric,particle,FPS,True,17.3621,18.12126,4.3725125416856025
sodium__mc_li_c2me,Sodium + MoreCulling + Lithium + C2ME,moreculling + lithium + c2me-fabric,block_entity,FPS,True,15.04098,16.89981,12.35843675079682
sodium__mc_li_c2me,Sodium + MoreCulling + Lithium + C2ME,moreculling + lithium + c2me-fabric,chunk_generation,FPS,True,21.62282,20.21808,-6.49656242802743
sodium__mc_li_c2me,Sodium + MoreCulling + Lithium + C2ME,moreculling + lithium + c2me-fabric,lighting,FPS,True,21.24328,18.14385,-14.590166866886833
sodium__mc_li_c2me,Sodium + MoreCulling + Lithium + C2ME,moreculling + lithium + c2me-fabric,memory,MB,False,1890.086,2176.457,15.151215341524127
sodium__mc_li_c2me,Sodium + MoreCulling + Lithium + C2ME,moreculling + lithium + c2me-fabric,network,FPS,True,25.28838,19.13536,-24.33141229291873
sodium__ec_li_fc_c2me,Sodium + EntityCulling + Lithium + FerriteCore + C2ME,entityculling + lithium + ferrite-core + c2me-fabric,renderer_fps,FPS,True,12.357795,10.36532,-16.123224248338797
sodium__ec_li_fc_c2me,Sodium + EntityCulling + Lithium + FerriteCore + C2ME,entityculling + lithium + ferrite-core + c2me-fabric,particle,FPS,True,25.39319,15.8203,-37.698650701231315
sodium__ec_li_fc_c2me,Sodium + EntityCulling + Lithium + FerriteCore + C2ME,entityculling + lithium + ferrite-core + c2me-fabric,block_entity,FPS,True,20.06987,12.76466,-36.39889047612168
sodium__ec_li_fc_c2me,Sodium + EntityCulling + Lithium + FerriteCore + C2ME,entityculling + lithium + ferrite-core + c2me-fabric,chunk_generation,FPS,True,21.67788,19.16394,-11.596798210895154
sodium__ec_li_fc_c2me,Sodium + EntityCulling + Lithium + FerriteCore + C2ME,entityculling + lithium + ferrite-core + c2me-fabric,lighting,FPS,True,25.53697,18.55205,-27.352187828078268
sodium__ec_li_fc_c2me,Sodium + EntityCulling + Lithium + FerriteCore + C2ME,entityculling + lithium + ferrite-core + c2me-fabric,memory,MB,False,1914.418,1935.145,1.082678913382562
sodium__ec_li_fc_c2me,Sodium + EntityCulling + Lithium + FerriteCore + C2ME,entityculling + lithium + ferrite-core + c2me-fabric,network,FPS,True,24.46969,19.71065,-19.448713898704884
sodium__ec_mc_li_c2me_bbe,Sodium + EntityCulling + MoreCulling + Lithium + C2ME + Better Block Entities,entityculling + moreculling + lithium + c2me-fabric + better-block-entities,renderer_fps,FPS,True,10.687135000000001,11.29516,5.689317108841596
sodium__ec_mc_li_c2me_bbe,Sodium + EntityCulling + MoreCulling + Lithium + C2ME + Better Block Entities,entityculling + moreculling + lithium + c2me-fabric + better-block-entities,particle,FPS,True,14.89582,21.39367,43.62196911616816
sodium__ec_mc_li_c2me_bbe,Sodium + EntityCulling + MoreCulling + Lithium + C2ME + Better Block Entities,entityculling + moreculling + lithium + c2me-fabric + better-block-entities,block_entity,FPS,True,16.22299,15.48757,-4.5331964083069725
sodium__ec_mc_li_c2me_bbe,Sodium + EntityCulling + MoreCulling + Lithium + C2ME + Better Block Entities,entityculling + moreculling + lithium + c2me-fabric + better-block-entities,chunk_generation,FPS,True,22.38166,20.11887,-10.110018649197594
sodium__ec_mc_li_c2me_bbe,Sodium + EntityCulling + MoreCulling + Lithium + C2ME + Better Block Entities,entityculling + moreculling + lithium + c2me-fabric + better-block-entities,lighting,FPS,True,17.82239,17.99712,0.9803960074939555
sodium__ec_mc_li_c2me_bbe,Sodium + EntityCulling + MoreCulling + Lithium + C2ME + Better Block Entities,entityculling + moreculling + lithium + c2me-fabric + better-block-entities,memory,MB,False,1865.41,1948.191,4.437683940795845
sodium__ec_mc_li_c2me_bbe,Sodium + EntityCulling + MoreCulling + Lithium + C2ME + Better Block Entities,entityculling + moreculling + lithium + c2me-fabric + better-block-entities,network,FPS,True,23.59645,23.77319,0.7490109741083772
sodium__if_li,Sodium + ImmediatelyFast + Lithium,immediatelyfast + lithium,renderer_fps,FPS,True,52.921865,45.868195,-13.328460741132231
sodium__if_li,Sodium + ImmediatelyFast + Lithium,immediatelyfast + lithium,particle,FPS,True,79.02311,70.07916,-11.318144780685046
sodium__if_li,Sodium + ImmediatelyFast + Lithium,immediatelyfast + lithium,block_entity,FPS,True,74.39634,62.12757,-16.49109351347122
sodium__if_li,Sodium + ImmediatelyFast + Lithium,immediatelyfast + lithium,chunk_generation,FPS,True,54.91745,42.48078,-22.646117035659884
sodium__if_li,Sodium + ImmediatelyFast + Lithium,immediatelyfast + lithium,lighting,FPS,True,76.87419,64.09871,-16.618685673305954
sodium__if_li,Sodium + ImmediatelyFast + Lithium,immediatelyfast + lithium,memory,MB,False,1896.57,2039.844,7.554374476027781
sodium__if_li,Sodium + ImmediatelyFast + Lithium,immediatelyfast + lithium,network,FPS,True,82.08995,70.53448,-14.076595247043034
sodium__mc_li_bo,Sodium + MoreCulling + Lithium + BadOptimizations,moreculling + lithium + badoptimizations,renderer_fps,FPS,True,52.918955,49.487885,-6.483631432253334
sodium__mc_li_bo,Sodium + MoreCulling + Lithium + BadOptimizations,moreculling + lithium + badoptimizations,particle,FPS,True,78.84829,77.57684,-1.612527044023404
sodium__mc_li_bo,Sodium + MoreCulling + Lithium + BadOptimizations,moreculling + lithium + badoptimizations,block_entity,FPS,True,77.22705,62.97553,-18.454052045235446
sodium__mc_li_bo,Sodium + MoreCulling + Lithium + BadOptimizations,moreculling + lithium + badoptimizations,chunk_generation,FPS,True,51.83881,47.46025,-8.446490187564104
sodium__mc_li_bo,Sodium + MoreCulling + Lithium + BadOptimizations,moreculling + lithium + badoptimizations,lighting,FPS,True,86.84828,75.27969,-13.320459541628226
sodium__mc_li_bo,Sodium + MoreCulling + Lithium + BadOptimizations,moreculling + lithium + badoptimizations,memory,MB,False,1898.184,1944.891,2.4606149877988592
sodium__mc_li_bo,Sodium + MoreCulling + Lithium + BadOptimizations,moreculling + lithium + badoptimizations,network,FPS,True,87.44736,69.92021,-20.04308649226232
sodium__ec_li_fc_bo,Sodium + EntityCulling + Lithium + FerriteCore + BadOptimizations,entityculling + lithium + ferrite-core + badoptimizations,renderer_fps,FPS,True,57.01108,48.252935,-15.362180474391995
sodium__ec_li_fc_bo,Sodium + EntityCulling + Lithium + FerriteCore + BadOptimizations,entityculling + lithium + ferrite-core + badoptimizations,particle,FPS,True,82.60428,73.34056,-11.214576290720057
sodium__ec_li_fc_bo,Sodium + EntityCulling + Lithium + FerriteCore + BadOptimizations,entityculling + lithium + ferrite-core + badoptimizations,block_entity,FPS,True,81.23165,68.00155,-16.286878328828735
sodium__ec_li_fc_bo,Sodium + EntityCulling + Lithium + FerriteCore + BadOptimizations,entityculling + lithium + ferrite-core + badoptimizations,chunk_generation,FPS,True,58.05529,51.10123,-11.978339958339712
sodium__ec_li_fc_bo,Sodium + EntityCulling + Lithium + FerriteCore + BadOptimizations,entityculling + lithium + ferrite-core + badoptimizations,lighting,FPS,True,88.11334,75.18548,-14.671853319826479
sodium__ec_li_fc_bo,Sodium + EntityCulling + Lithium + FerriteCore + BadOptimizations,entityculling + lithium + ferrite-core + badoptimizations,memory,MB,False,1896.566,1886.156,-0.5488867774704476
sodium__ec_li_fc_bo,Sodium + EntityCulling + Lithium + FerriteCore + BadOptimizations,entityculling + lithium + ferrite-core + badoptimizations,network,FPS,True,88.7729,68.71365,-22.596141389996273
sodium__ec_mc_li_bo_bbe,Sodium + EntityCulling + MoreCulling + Lithium + BadOptimizations + Better Block Entities,entityculling + moreculling + lithium + badoptimizations + better-block-entities,renderer_fps,FPS,True,53.05894,48.47439,-8.640485467670478
sodium__ec_mc_li_bo_bbe,Sodium + EntityCulling + MoreCulling + Lithium + BadOptimizations + Better Block Entities,entityculling + moreculling + lithium + badoptimizations + better-block-entities,particle,FPS,True,90.1751,74.29113,-17.614585401069704
sodium__ec_mc_li_bo_bbe,Sodium + EntityCulling + MoreCulling + Lithium + BadOptimizations + Better Block Entities,entityculling + moreculling + lithium + badoptimizations + better-block-entities,block_entity,FPS,True,77.51347,68.37113,-11.794517778651892
sodium__ec_mc_li_bo_bbe,Sodium + EntityCulling + MoreCulling + Lithium + BadOptimizations + Better Block Entities,entityculling + moreculling + lithium + badoptimizations + better-block-entities,chunk_generation,FPS,True,51.74125,42.68299,-17.50684415239292
sodium__ec_mc_li_bo_bbe,Sodium + EntityCulling + MoreCulling + Lithium + BadOptimizations + Better Block Entities,entityculling + moreculling + lithium + badoptimizations + better-block-entities,lighting,FPS,True,82.93,74.49667,-10.169215000602927
sodium__ec_mc_li_bo_bbe,Sodium + EntityCulling + MoreCulling + Lithium + BadOptimizations + Better Block Entities,entityculling + moreculling + lithium + badoptimizations + better-block-entities,memory,MB,False,2052.125,1966.629,-4.166217944813311
sodium__ec_mc_li_bo_bbe,Sodium + EntityCulling + MoreCulling + Lithium + BadOptimizations + Better Block Entities,entityculling + moreculling + lithium + badoptimizations + better-block-entities,network,FPS,True,81.10842,74.82309,-7.749294093017722
sodium__if_fc,Sodium + ImmediatelyFast + FerriteCore,immediatelyfast + ferrite-core,renderer_fps,FPS,True,15.904905,14.73549,-7.35254313056255
sodium__if_fc,Sodium + ImmediatelyFast + FerriteCore,immediatelyfast + ferrite-core,particle,FPS,True,36.35465,33.47321,-7.92591869265692
sodium__if_fc,Sodium + ImmediatelyFast + FerriteCore,immediatelyfast + ferrite-core,block_entity,FPS,True,25.62021,28.20301,10.081103940990332
sodium__if_fc,Sodium + ImmediatelyFast + FerriteCore,immediatelyfast + ferrite-core,chunk_generation,FPS,True,19.03048,21.54764,13.226991647084052
sodium__if_fc,Sodium + ImmediatelyFast + FerriteCore,immediatelyfast + ferrite-core,lighting,FPS,True,37.80323,30.29762,-19.854414556639743
sodium__if_fc,Sodium + ImmediatelyFast + FerriteCore,immediatelyfast + ferrite-core,memory,MB,False,2280.691,2276.215,-0.1962563100393555
sodium__if_fc,Sodium + ImmediatelyFast + FerriteCore,immediatelyfast + ferrite-core,network,FPS,True,43.4886,35.57798,-18.190100394126286
sodium__mc_li_bbe,Sodium + MoreCulling + Lithium + Better Block Entities,moreculling + lithium + better-block-entities,renderer_fps,FPS,True,19.099525,17.462195,-8.572621570431716
sodium__mc_li_bbe,Sodium + MoreCulling + Lithium + Better Block Entities,moreculling + lithium + better-block-entities,particle,FPS,True,33.53436,32.39992,-3.382918296338433
sodium__mc_li_bbe,Sodium + MoreCulling + Lithium + Better Block Entities,moreculling + lithium + better-block-entities,block_entity,FPS,True,30.64862,29.02236,-5.306144289693959
sodium__mc_li_bbe,Sodium + MoreCulling + Lithium + Better Block Entities,moreculling + lithium + better-block-entities,chunk_generation,FPS,True,27.51668,24.94443,-9.347966397108953
sodium__mc_li_bbe,Sodium + MoreCulling + Lithium + Better Block Entities,moreculling + lithium + better-block-entities,lighting,FPS,True,44.70493,32.91628,-26.369910432697242
sodium__mc_li_bbe,Sodium + MoreCulling + Lithium + Better Block Entities,moreculling + lithium + better-block-entities,memory,MB,False,1819.93,2052.73,12.79170077970031
sodium__mc_li_bbe,Sodium + MoreCulling + Lithium + Better Block Entities,moreculling + lithium + better-block-entities,network,FPS,True,41.04005,37.99466,-7.420531895063476
sodium__ec_li_fc_bbe,Sodium + EntityCulling + Lithium + FerriteCore + Better Block Entities,entityculling + lithium + ferrite-core + better-block-entities,renderer_fps,FPS,True,19.068224999999998,17.097285,-10.33625311218007
sodium__ec_li_fc_bbe,Sodium + EntityCulling + Lithium + FerriteCore + Better Block Entities,entityculling + lithium + ferrite-core + better-block-entities,particle,FPS,True,30.83875,32.95494,6.862113412508619
sodium__ec_li_fc_bbe,Sodium + EntityCulling + Lithium + FerriteCore + Better Block Entities,entityculling + lithium + ferrite-core + better-block-entities,block_entity,FPS,True,32.14119,27.16121,-15.494074737120812
sodium__ec_li_fc_bbe,Sodium + EntityCulling + Lithium + FerriteCore + Better Block Entities,entityculling + lithium + ferrite-core + better-block-entities,chunk_generation,FPS,True,26.59442,25.94532,-2.440737568256801
sodium__ec_li_fc_bbe,Sodium + EntityCulling + Lithium + FerriteCore + Better Block Entities,entityculling + lithium + ferrite-core + better-block-entities,lighting,FPS,True,42.28987,31.74554,-24.933465153711754
sodium__ec_li_fc_bbe,Sodium + EntityCulling + Lithium + FerriteCore + Better Block Entities,entityculling + lithium + ferrite-core + better-block-entities,memory,MB,False,1848.176,1925.25,4.170273826735116
sodium__ec_li_fc_bbe,Sodium + EntityCulling + Lithium + FerriteCore + Better Block Entities,entityculling + lithium + ferrite-core + better-block-entities,network,FPS,True,38.9918,36.9847,-5.147492549715582
sodium__ec_mc_fc_c2me_bo,Sodium + EntityCulling + MoreCulling + FerriteCore + C2ME + BadOptimizations,entityculling + moreculling + ferrite-core + c2me-fabric + badoptimizations,renderer_fps,FPS,True,13.285765000000001,12.519670000000001,-5.766284440527136
sodium__ec_mc_fc_c2me_bo,Sodium + EntityCulling + MoreCulling + FerriteCore + C2ME + BadOptimizations,entityculling + moreculling + ferrite-core + c2me-fabric + badoptimizations,particle,FPS,True,21.51764,20.61575,-4.191398313197925
sodium__ec_mc_fc_c2me_bo,Sodium + EntityCulling + MoreCulling + FerriteCore + C2ME + BadOptimizations,entityculling + moreculling + ferrite-core + c2me-fabric + badoptimizations,block_entity,FPS,True,20.19054,19.61387,-2.8561395584268623
sodium__ec_mc_fc_c2me_bo,Sodium + EntityCulling + MoreCulling + FerriteCore + C2ME + BadOptimizations,entityculling + moreculling + ferrite-core + c2me-fabric + badoptimizations,chunk_generation,FPS,True,26.95083,21.82148,-19.03225243897868
sodium__ec_mc_fc_c2me_bo,Sodium + EntityCulling + MoreCulling + FerriteCore + C2ME + BadOptimizations,entityculling + moreculling + ferrite-core + c2me-fabric + badoptimizations,lighting,FPS,True,26.41198,26.19235,-0.8315544688432985
sodium__ec_mc_fc_c2me_bo,Sodium + EntityCulling + MoreCulling + FerriteCore + C2ME + BadOptimizations,entityculling + moreculling + ferrite-core + c2me-fabric + badoptimizations,memory,MB,False,1997.883,2028.105,1.5127011942140722
sodium__ec_mc_fc_c2me_bo,Sodium + EntityCulling + MoreCulling + FerriteCore + C2ME + BadOptimizations,entityculling + moreculling + ferrite-core + c2me-fabric + badoptimizations,network,FPS,True,29.92125,28.27725,-5.49442286000753
sodium__if_c2me,Sodium + ImmediatelyFast + C2ME,immediatelyfast + c2me-fabric,renderer_fps,FPS,True,17.28344,14.11609,-18.32592354299838
sodium__if_c2me,Sodium + ImmediatelyFast + C2ME,immediatelyfast + c2me-fabric,particle,FPS,True,30.71729,29.71191,-3.273010086501771
sodium__if_c2me,Sodium + ImmediatelyFast + C2ME,immediatelyfast + c2me-fabric,block_entity,FPS,True,25.0188,22.6301,-9.547620189617412
sodium__if_c2me,Sodium + ImmediatelyFast + C2ME,immediatelyfast + c2me-fabric,chunk_generation,FPS,True,28.5647,28.36393,-0.7028605236533148
sodium__if_c2me,Sodium + ImmediatelyFast + C2ME,immediatelyfast + c2me-fabric,lighting,FPS,True,36.92842,30.11528,-18.449584358063532
sodium__if_c2me,Sodium + ImmediatelyFast + C2ME,immediatelyfast + c2me-fabric,memory,MB,False,2243.352,2182.16,-2.727703900235001
sodium__if_c2me,Sodium + ImmediatelyFast + C2ME,immediatelyfast + c2me-fabric,network,FPS,True,39.61328,36.25956,-8.466150745406598
sodium__mc_fc_c2me,Sodium + MoreCulling + FerriteCore + C2ME,moreculling + ferrite-core + c2me-fabric,renderer_fps,FPS,True,15.81434,16.74663,5.8952191492025685
sodium__mc_fc_c2me,Sodium + MoreCulling + FerriteCore + C2ME,moreculling + ferrite-core + c2me-fabric,particle,FPS,True,34.63741,32.7752,-5.376296899797084
sodium__mc_fc_c2me,Sodium + MoreCulling + FerriteCore + C2ME,moreculling + ferrite-core + c2me-fabric,block_entity,FPS,True,23.10221,23.95245,3.6803405388488697
sodium__mc_fc_c2me,Sodium + MoreCulling + FerriteCore + C2ME,moreculling + ferrite-core + c2me-fabric,chunk_generation,FPS,True,31.27598,25.13407,-19.637785930289
sodium__mc_fc_c2me,Sodium + MoreCulling + FerriteCore + C2ME,moreculling + ferrite-core + c2me-fabric,lighting,FPS,True,37.6594,34.40951,-8.629691391790628
sodium__mc_fc_c2me,Sodium + MoreCulling + FerriteCore + C2ME,moreculling + ferrite-core + c2me-fabric,memory,MB,False,2160.828,2060.469,-4.644469619979008
sodium__mc_fc_c2me,Sodium + MoreCulling + FerriteCore + C2ME,moreculling + ferrite-core + c2me-fabric,network,FPS,True,44.82836,37.99805,-15.236582377762653
sodium__ec_li_c2me_bo,Sodium + EntityCulling + Lithium + C2ME + BadOptimizations,entityculling + lithium + c2me-fabric + badoptimizations,renderer_fps,FPS,True,23.13781,18.39593,-20.494074417587495
sodium__ec_li_c2me_bo,Sodium + EntityCulling + Lithium + C2ME + BadOptimizations,entityculling + lithium + c2me-fabric + badoptimizations,particle,FPS,True,45.24895,36.34143,-19.685583864376955
sodium__ec_li_c2me_bo,Sodium + EntityCulling + Lithium + C2ME + BadOptimizations,entityculling + lithium + c2me-fabric + badoptimizations,block_entity,FPS,True,31.2405,27.5178,-11.916262543813316
sodium__ec_li_c2me_bo,Sodium + EntityCulling + Lithium + C2ME + BadOptimizations,entityculling + lithium + c2me-fabric + badoptimizations,chunk_generation,FPS,True,32.5297,27.76998,-14.631920982978631
sodium__ec_li_c2me_bo,Sodium + EntityCulling + Lithium + C2ME + BadOptimizations,entityculling + lithium + c2me-fabric + badoptimizations,lighting,FPS,True,41.75487,37.30427,-10.658876437646658
sodium__ec_li_c2me_bo,Sodium + EntityCulling + Lithium + C2ME + BadOptimizations,entityculling + lithium + c2me-fabric + badoptimizations,memory,MB,False,1918.809,1918.926,0.006097532375548553
sodium__ec_li_c2me_bo,Sodium + EntityCulling + Lithium + C2ME + BadOptimizations,entityculling + lithium + c2me-fabric + badoptimizations,network,FPS,True,52.27426,40.13345,-23.22521638756817
sodium__ec_mc_fc_c2me_bbe,Sodium + EntityCulling + MoreCulling + FerriteCore + C2ME + Better Block Entities,entityculling + moreculling + ferrite-core + c2me-fabric + better-block-entities,renderer_fps,FPS,True,17.719985,18.33063,3.446080795215112
sodium__ec_mc_fc_c2me_bbe,Sodium + EntityCulling + MoreCulling + FerriteCore + C2ME + Better Block Entities,entityculling + moreculling + ferrite-core + c2me-fabric + better-block-entities,particle,FPS,True,30.78064,35.99472,16.93947884124567
sodium__ec_mc_fc_c2me_bbe,Sodium + EntityCulling + MoreCulling + FerriteCore + C2ME + Better Block Entities,entityculling + moreculling + ferrite-core + c2me-fabric + better-block-entities,block_entity,FPS,True,25.1348,24.57581,-2.223968362588913
sodium__ec_mc_fc_c2me_bbe,Sodium + EntityCulling + MoreCulling + FerriteCore + C2ME + Better Block Entities,entityculling + moreculling + ferrite-core + c2me-fabric + better-block-entities,chunk_generation,FPS,True,30.12112,25.29803,-16.012319595021694
sodium__ec_mc_fc_c2me_bbe,Sodium + EntityCulling + MoreCulling + FerriteCore + C2ME + Better Block Entities,entityculling + moreculling + ferrite-core + c2me-fabric + better-block-entities,lighting,FPS,True,35.43401,38.96858,9.975077616109495
sodium__ec_mc_fc_c2me_bbe,Sodium + EntityCulling + MoreCulling + FerriteCore + C2ME + Better Block Entities,entityculling + moreculling + ferrite-core + c2me-fabric + better-block-entities,memory,MB,False,2150.688,2272.023,5.6416830335223045
sodium__ec_mc_fc_c2me_bbe,Sodium + EntityCulling + MoreCulling + FerriteCore + C2ME + Better Block Entities,entityculling + moreculling + ferrite-core + c2me-fabric + better-block-entities,network,FPS,True,41.51564,40.77576,-1.7821717309428386
sodium__if_bbe,Sodium + ImmediatelyFast + Better Block Entities,immediatelyfast + better-block-entities,renderer_fps,FPS,True,14.78278,14.835989999999999,0.3599458288630286
sodium__if_bbe,Sodium + ImmediatelyFast + Better Block Entities,immediatelyfast + better-block-entities,particle,FPS,True,35.94246,30.14379,-16.133202902639376
sodium__if_bbe,Sodium + ImmediatelyFast + Better Block Entities,immediatelyfast + better-block-entities,block_entity,FPS,True,28.60483,25.58551,-10.555280349507413
sodium__if_bbe,Sodium + ImmediatelyFast + Better Block Entities,immediatelyfast + better-block-entities,chunk_generation,FPS,True,19.20949,20.4003,6.199071396481659
sodium__if_bbe,Sodium + ImmediatelyFast + Better Block Entities,immediatelyfast + better-block-entities,lighting,FPS,True,33.7118,33.38894,-0.9577062037624762
sodium__if_bbe,Sodium + ImmediatelyFast + Better Block Entities,immediatelyfast + better-block-entities,memory,MB,False,2169.539,2007.969,-7.447204221726378
sodium__if_bbe,Sodium + ImmediatelyFast + Better Block Entities,immediatelyfast + better-block-entities,network,FPS,True,34.56178,35.21122,1.8790698858681454
sodium__mc_fc_bbe,Sodium + MoreCulling + FerriteCore + Better Block Entities,moreculling + ferrite-core + better-block-entities,renderer_fps,FPS,True,15.77198,15.091145000000001,-4.316737657542036
sodium__mc_fc_bbe,Sodium + MoreCulling + FerriteCore + Better Block Entities,moreculling + ferrite-core + better-block-entities,particle,FPS,True,38.9061,29.71015,-23.636267834606915
sodium__mc_fc_bbe,Sodium + MoreCulling + FerriteCore + Better Block Entities,moreculling + ferrite-core + better-block-entities,block_entity,FPS,True,26.12034,24.61486,-5.763630948142328
sodium__mc_fc_bbe,Sodium + MoreCulling + FerriteCore + Better Block Entities,moreculling + ferrite-core + better-block-entities,chunk_generation,FPS,True,22.19759,19.05561,-14.154599665999779
sodium__mc_fc_bbe,Sodium + MoreCulling + FerriteCore + Better Block Entities,moreculling + ferrite-core + better-block-entities,lighting,FPS,True,34.80142,30.53583,-12.256942389132398
sodium__mc_fc_bbe,Sodium + MoreCulling + FerriteCore + Better Block Entities,moreculling + ferrite-core + better-block-entities,memory,MB,False,2195.082,2015.848,-8.165253052049993
sodium__mc_fc_bbe,Sodium + MoreCulling + FerriteCore + Better Block Entities,moreculling + ferrite-core + better-block-entities,network,FPS,True,33.57029,34.58064,3.0096552636274643
sodium__ec_li_bo_bbe,Sodium + EntityCulling + Lithium + BadOptimizations + Better Block Entities,entityculling + lithium + badoptimizations + better-block-entities,renderer_fps,FPS,True,20.023654999999998,18.086084999999997,-9.676405231712193
sodium__ec_li_bo_bbe,Sodium + EntityCulling + Lithium + BadOptimizations + Better Block Entities,entityculling + lithium + badoptimizations + better-block-entities,particle,FPS,True,39.4206,33.5912,-14.787699832067492
sodium__ec_li_bo_bbe,Sodium + EntityCulling + Lithium + BadOptimizations + Better Block Entities,entityculling + lithium + badoptimizations + better-block-entities,block_entity,FPS,True,32.65493,26.57753,-18.610972370787504
sodium__ec_li_bo_bbe,Sodium + EntityCulling + Lithium + BadOptimizations + Better Block Entities,entityculling + lithium + badoptimizations + better-block-entities,chunk_generation,FPS,True,24.18418,21.79203,-9.891383540810562
sodium__ec_li_bo_bbe,Sodium + EntityCulling + Lithium + BadOptimizations + Better Block Entities,entityculling + lithium + badoptimizations + better-block-entities,lighting,FPS,True,40.01845,30.76751,-23.116687427923864
sodium__ec_li_bo_bbe,Sodium + EntityCulling + Lithium + BadOptimizations + Better Block Entities,entityculling + lithium + badoptimizations + better-block-entities,memory,MB,False,1840.688,1876.746,1.95894143928792
sodium__ec_li_bo_bbe,Sodium + EntityCulling + Lithium + BadOptimizations + Better Block Entities,entityculling + lithium + badoptimizations + better-block-entities,network,FPS,True,46.64889,36.25735,-22.276071306305468
sodium__ec_mc_c2me_bo_bbe,Sodium + EntityCulling + MoreCulling + C2ME + BadOptimizations + Better Block Entities,entityculling + moreculling + c2me-fabric + badoptimizations + better-block-entities,renderer_fps,FPS,True,12.13806,13.45621,10.859643139018926
sodium__ec_mc_c2me_bo_bbe,Sodium + EntityCulling + MoreCulling + C2ME + BadOptimizations + Better Block Entities,entityculling + moreculling + c2me-fabric + badoptimizations + better-block-entities,particle,FPS,True,19.20221,24.82584,29.286368600280888
sodium__ec_mc_c2me_bo_bbe,Sodium + EntityCulling + MoreCulling + C2ME + BadOptimizations + Better Block Entities,entityculling + moreculling + c2me-fabric + badoptimizations + better-block-entities,block_entity,FPS,True,17.3251,17.23733,-0.5066060224760527
sodium__ec_mc_c2me_bo_bbe,Sodium + EntityCulling + MoreCulling + C2ME + BadOptimizations + Better Block Entities,entityculling + moreculling + c2me-fabric + badoptimizations + better-block-entities,chunk_generation,FPS,True,23.34963,20.18562,-13.550578745787412
sodium__ec_mc_c2me_bo_bbe,Sodium + EntityCulling + MoreCulling + C2ME + BadOptimizations + Better Block Entities,entityculling + moreculling + c2me-fabric + badoptimizations + better-block-entities,lighting,FPS,True,19.4332,18.71402,-3.700780108268309
sodium__ec_mc_c2me_bo_bbe,Sodium + EntityCulling + MoreCulling + C2ME + BadOptimizations + Better Block Entities,entityculling + moreculling + c2me-fabric + badoptimizations + better-block-entities,memory,MB,False,2100.121,2027.543,-3.455896112652568
sodium__ec_mc_c2me_bo_bbe,Sodium + EntityCulling + MoreCulling + C2ME + BadOptimizations + Better Block Entities,entityculling + moreculling + c2me-fabric + badoptimizations + better-block-entities,network,FPS,True,19.22344,26.93624,40.12185123994458
sodium__ec_mc,Sodium + EntityCulling + MoreCulling,entityculling + moreculling,renderer_fps,FPS,True,35.180705,33.003765,-6.187880544178981
sodium__ec_mc,Sodium + EntityCulling + MoreCulling,entityculling + moreculling,particle,FPS,True,70.04635,54.43498,-22.287199832682212
sodium__ec_mc,Sodium + EntityCulling + MoreCulling,entityculling + moreculling,block_entity,FPS,True,55.99044,52.26375,-6.655939835443336
sodium__ec_mc,Sodium + EntityCulling + MoreCulling,entityculling + moreculling,chunk_generation,FPS,True,41.18501,36.58198,-11.176469302787584
sodium__ec_mc,Sodium + EntityCulling + MoreCulling,entityculling + moreculling,lighting,FPS,True,67.85521,58.40186,-13.931649463615248
sodium__ec_mc,Sodium + EntityCulling + MoreCulling,entityculling + moreculling,memory,MB,False,2084.586,1958.137,-6.065904692826285
sodium__ec_mc,Sodium + EntityCulling + MoreCulling,entityculling + moreculling,network,FPS,True,59.62356,56.92377,-4.52805904243222
sodium__mc_c2me_bo,Sodium + MoreCulling + C2ME + BadOptimizations,moreculling + c2me-fabric + badoptimizations,renderer_fps,FPS,True,32.542725,30.25631,-7.025886738126563
sodium__mc_c2me_bo,Sodium + MoreCulling + C2ME + BadOptimizations,moreculling + c2me-fabric + badoptimizations,particle,FPS,True,62.67052,44.48477,-29.018029529673605
sodium__mc_c2me_bo,Sodium + MoreCulling + C2ME + BadOptimizations,moreculling + c2me-fabric + badoptimizations,block_entity,FPS,True,50.35224,42.74011,-15.117758415514382
sodium__mc_c2me_bo,Sodium + MoreCulling + C2ME + BadOptimizations,moreculling + c2me-fabric + badoptimizations,chunk_generation,FPS,True,41.63907,36.62897,-12.032209172779307
sodium__mc_c2me_bo,Sodium + MoreCulling + C2ME + BadOptimizations,moreculling + c2me-fabric + badoptimizations,lighting,FPS,True,59.39169,45.7786,-22.920866538736316
sodium__mc_c2me_bo,Sodium + MoreCulling + C2ME + BadOptimizations,moreculling + c2me-fabric + badoptimizations,memory,MB,False,2230.984,2037.27,-8.682895081273557
sodium__mc_c2me_bo,Sodium + MoreCulling + C2ME + BadOptimizations,moreculling + c2me-fabric + badoptimizations,network,FPS,True,66.49736,50.7235,-23.721031932696278
sodium__ec_fc_c2me_bo,Sodium + EntityCulling + FerriteCore + C2ME + BadOptimizations,entityculling + ferrite-core + c2me-fabric + badoptimizations,renderer_fps,FPS,True,31.5174,30.118175,-4.439531814172481
sodium__ec_fc_c2me_bo,Sodium + EntityCulling + FerriteCore + C2ME + BadOptimizations,entityculling + ferrite-core + c2me-fabric + badoptimizations,particle,FPS,True,64.52375,59.99821,-7.013758499777223
sodium__ec_fc_c2me_bo,Sodium + EntityCulling + FerriteCore + C2ME + BadOptimizations,entityculling + ferrite-core + c2me-fabric + badoptimizations,block_entity,FPS,True,44.89989,42.0584,-6.328501027508082
sodium__ec_fc_c2me_bo,Sodium + EntityCulling + FerriteCore + C2ME + BadOptimizations,entityculling + ferrite-core + c2me-fabric + badoptimizations,chunk_generation,FPS,True,41.73314,39.86763,-4.4700925930806985
sodium__ec_fc_c2me_bo,Sodium + EntityCulling + FerriteCore + C2ME + BadOptimizations,entityculling + ferrite-core + c2me-fabric + badoptimizations,lighting,FPS,True,61.65013,54.58974,-11.452352168600456
sodium__ec_fc_c2me_bo,Sodium + EntityCulling + FerriteCore + C2ME + BadOptimizations,entityculling + ferrite-core + c2me-fabric + badoptimizations,memory,MB,False,1980.23,2435.043,22.96768557187803
sodium__ec_fc_c2me_bo,Sodium + EntityCulling + FerriteCore + C2ME + BadOptimizations,entityculling + ferrite-core + c2me-fabric + badoptimizations,network,FPS,True,63.5101,58.77074,-7.462372126638117
sodium__ec_li_fc_c2me_bo,Sodium + EntityCulling + Lithium + FerriteCore + C2ME + BadOptimizations,entityculling + lithium + ferrite-core + c2me-fabric + badoptimizations,renderer_fps,FPS,True,31.932944999999997,31.044085,-2.78352027976122
sodium__ec_li_fc_c2me_bo,Sodium + EntityCulling + Lithium + FerriteCore + C2ME + BadOptimizations,entityculling + lithium + ferrite-core + c2me-fabric + badoptimizations,particle,FPS,True,63.93892,51.152,-19.998648710362954
sodium__ec_li_fc_c2me_bo,Sodium + EntityCulling + Lithium + FerriteCore + C2ME + BadOptimizations,entityculling + lithium + ferrite-core + c2me-fabric + badoptimizations,block_entity,FPS,True,51.16105,41.85325,-18.19313716196208
sodium__ec_li_fc_c2me_bo,Sodium + EntityCulling + Lithium + FerriteCore + C2ME + BadOptimizations,entityculling + lithium + ferrite-core + c2me-fabric + badoptimizations,chunk_generation,FPS,True,43.34301,40.94544,-5.531618593171084
sodium__ec_li_fc_c2me_bo,Sodium + EntityCulling + Lithium + FerriteCore + C2ME + BadOptimizations,entityculling + lithium + ferrite-core + c2me-fabric + badoptimizations,lighting,FPS,True,62.15145,59.04462,-4.998805337606759
sodium__ec_li_fc_c2me_bo,Sodium + EntityCulling + Lithium + FerriteCore + C2ME + BadOptimizations,entityculling + lithium + ferrite-core + c2me-fabric + badoptimizations,memory,MB,False,2094.895,2127.188,1.541509240319927
sodium__ec_li_fc_c2me_bo,Sodium + EntityCulling + Lithium + FerriteCore + C2ME + BadOptimizations,entityculling + lithium + ferrite-core + c2me-fabric + badoptimizations,network,FPS,True,63.33927,55.7818,-11.931728925830697
sodium__ec_li,Sodium + EntityCulling + Lithium,entityculling + lithium,renderer_fps,FPS,True,12.204895,12.889479999999999,5.609101921810877
sodium__ec_li,Sodium + EntityCulling + Lithium,entityculling + lithium,particle,FPS,True,31.32769,28.25547,-9.806723700343056
sodium__ec_li,Sodium + EntityCulling + Lithium,entityculling + lithium,block_entity,FPS,True,28.57368,23.02915,-19.404325939115996
sodium__ec_li,Sodium + EntityCulling + Lithium,entityculling + lithium,chunk_generation,FPS,True,22.08074,21.45641,-2.8274867599545894
sodium__ec_li,Sodium + EntityCulling + Lithium,entityculling + lithium,lighting,FPS,True,37.82074,33.10664,-12.464325129545328
sodium__ec_li,Sodium + EntityCulling + Lithium,entityculling + lithium,memory,MB,False,1868.453,1846.109,-1.1958556088914274
sodium__ec_li,Sodium + EntityCulling + Lithium,entityculling + lithium,network,FPS,True,35.83352,28.48754,-20.500302510052038
sodium__mc_c2me_bbe,Sodium + MoreCulling + C2ME + Better Block Entities,moreculling + c2me-fabric + better-block-entities,renderer_fps,FPS,True,11.252755,9.755965,-13.301542600012183
sodium__mc_c2me_bbe,Sodium + MoreCulling + C2ME + Better Block Entities,moreculling + c2me-fabric + better-block-entities,particle,FPS,True,18.83436,16.56407,-12.053980066219394
sodium__mc_c2me_bbe,Sodium + MoreCulling + C2ME + Better Block Entities,moreculling + c2me-fabric + better-block-entities,block_entity,FPS,True,17.38116,12.49369,-28.119354519491225
sodium__mc_c2me_bbe,Sodium + MoreCulling + C2ME + Better Block Entities,moreculling + c2me-fabric + better-block-entities,chunk_generation,FPS,True,20.00013,19.4225,-2.888131227147017
sodium__mc_c2me_bbe,Sodium + MoreCulling + C2ME + Better Block Entities,moreculling + c2me-fabric + better-block-entities,lighting,FPS,True,21.96334,20.46839,-6.806569492618153
sodium__mc_c2me_bbe,Sodium + MoreCulling + C2ME + Better Block Entities,moreculling + c2me-fabric + better-block-entities,memory,MB,False,1946.641,1940.668,-0.3068362373956024
sodium__mc_c2me_bbe,Sodium + MoreCulling + C2ME + Better Block Entities,moreculling + c2me-fabric + better-block-entities,network,FPS,True,20.35415,20.10869,-1.2059457162298615
sodium__ec_fc_c2me_bbe,Sodium + EntityCulling + FerriteCore + C2ME + Better Block Entities,entityculling + ferrite-core + c2me-fabric + better-block-entities,renderer_fps,FPS,True,11.14479,10.87642,-2.4080310171838204
sodium__ec_fc_c2me_bbe,Sodium + EntityCulling + FerriteCore + C2ME + Better Block Entities,entityculling + ferrite-core + c2me-fabric + better-block-entities,particle,FPS,True,20.09286,18.4088,-8.38138522838462
sodium__ec_fc_c2me_bbe,Sodium + EntityCulling + FerriteCore + C2ME + Better Block Entities,entityculling + ferrite-core + c2me-fabric + better-block-entities,block_entity,FPS,True,18.02653,14.57293,-19.158429270636123
sodium__ec_fc_c2me_bbe,Sodium + EntityCulling + FerriteCore + C2ME + Better Block Entities,entityculling + ferrite-core + c2me-fabric + better-block-entities,chunk_generation,FPS,True,25.68536,22.42076,-12.709963963907834
sodium__ec_fc_c2me_bbe,Sodium + EntityCulling + FerriteCore + C2ME + Better Block Entities,entityculling + ferrite-core + c2me-fabric + better-block-entities,lighting,FPS,True,21.97148,17.73702,-19.27252966117894
sodium__ec_fc_c2me_bbe,Sodium + EntityCulling + FerriteCore + C2ME + Better Block Entities,entityculling + ferrite-core + c2me-fabric + better-block-entities,memory,MB,False,1877.652,1961.984,4.491354095434086
sodium__ec_fc_c2me_bbe,Sodium + EntityCulling + FerriteCore + C2ME + Better Block Entities,entityculling + ferrite-core + c2me-fabric + better-block-entities,network,FPS,True,25.60306,21.12132,-17.50470451578834
sodium__ec_li_fc_c2me_bbe,Sodium + EntityCulling + Lithium + FerriteCore + C2ME + Better Block Entities,entityculling + lithium + ferrite-core + c2me-fabric + better-block-entities,renderer_fps,FPS,True,11.37785,12.52123,10.049174492544722
sodium__ec_li_fc_c2me_bbe,Sodium + EntityCulling + Lithium + FerriteCore + C2ME + Better Block Entities,entityculling + lithium + ferrite-core + c2me-fabric + better-block-entities,particle,FPS,True,22.51448,19.28299,-14.352940862946861
sodium__ec_li_fc_c2me_bbe,Sodium + EntityCulling + Lithium + FerriteCore + C2ME + Better Block Entities,entityculling + lithium + ferrite-core + c2me-fabric + better-block-entities,block_entity,FPS,True,20.43355,15.64675,-23.42617900462719
sodium__ec_li_fc_c2me_bbe,Sodium + EntityCulling + Lithium + FerriteCore + C2ME + Better Block Entities,entityculling + lithium + ferrite-core + c2me-fabric + better-block-entities,chunk_generation,FPS,True,23.83216,20.74714,-12.944777141476038
sodium__ec_li_fc_c2me_bbe,Sodium + EntityCulling + Lithium + FerriteCore + C2ME + Better Block Entities,entityculling + lithium + ferrite-core + c2me-fabric + better-block-entities,lighting,FPS,True,29.60739,21.93331,-25.919474833816825
sodium__ec_li_fc_c2me_bbe,Sodium + EntityCulling + Lithium + FerriteCore + C2ME + Better Block Entities,entityculling + lithium + ferrite-core + c2me-fabric + better-block-entities,memory,MB,False,1866.887,1921.035,2.9004433583821765
sodium__ec_li_fc_c2me_bbe,Sodium + EntityCulling + Lithium + FerriteCore + C2ME + Better Block Entities,entityculling + lithium + ferrite-core + c2me-fabric + better-block-entities,network,FPS,True,30.13439,24.91459,-17.32173772225022
sodium__ec,Sodium + EntityCulling,entityculling,renderer_fps,FPS,True,12.929015,12.486625,-3.4216837090837893
sodium__ec,Sodium + EntityCulling,entityculling,particle,FPS,True,31.4573,30.02318,-4.558941803651296
sodium__ec,Sodium + EntityCulling,entityculling,block_entity,FPS,True,19.11472,23.08503,20.77095557769091
sodium__ec,Sodium + EntityCulling,entityculling,chunk_generation,FPS,True,20.89649,21.53635,3.062045348285758
sodium__ec,Sodium + EntityCulling,entityculling,lighting,FPS,True,31.13207,26.4099,-15.168185090165863
sodium__ec,Sodium + EntityCulling,entityculling,memory,MB,False,2100.402,2063.008,-1.780325861430343
sodium__ec,Sodium + EntityCulling,entityculling,network,FPS,True,37.4288,32.02008,-14.45069037746335
sodium__ec_li_bbe,Sodium + EntityCulling + Lithium + Better Block Entities,entityculling + lithium + better-block-entities,renderer_fps,FPS,True,16.29144,14.866245,-8.748121712997758
sodium__ec_li_bbe,Sodium + EntityCulling + Lithium + Better Block Entities,entityculling + lithium + better-block-entities,particle,FPS,True,28.80884,29.54401,2.5518903225537626
sodium__ec_li_bbe,Sodium + EntityCulling + Lithium + Better Block Entities,entityculling + lithium + better-block-entities,block_entity,FPS,True,31.00099,26.15144,-15.64321010393539
sodium__ec_li_bbe,Sodium + EntityCulling + Lithium + Better Block Entities,entityculling + lithium + better-block-entities,chunk_generation,FPS,True,22.64802,22.62587,-0.09780104397647538
sodium__ec_li_bbe,Sodium + EntityCulling + Lithium + Better Block Entities,entityculling + lithium + better-block-entities,lighting,FPS,True,33.96849,26.9734,-20.592878870977195
sodium__ec_li_bbe,Sodium + EntityCulling + Lithium + Better Block Entities,entityculling + lithium + better-block-entities,memory,MB,False,2156.406,1857.523,-13.860237821634701
sodium__ec_li_bbe,Sodium + EntityCulling + Lithium + Better Block Entities,entityculling + lithium + better-block-entities,network,FPS,True,39.22359,33.16534,-15.445424551908694
sodium__ec_mc_li_bo,Sodium + EntityCulling + MoreCulling + Lithium + BadOptimizations,entityculling + moreculling + lithium + badoptimizations,renderer_fps,FPS,True,16.785989999999998,15.234945,-9.24011631128101
sodium__ec_mc_li_bo,Sodium + EntityCulling + MoreCulling + Lithium + BadOptimizations,entityculling + moreculling + lithium + badoptimizations,particle,FPS,True,34.14822,29.08071,-14.839748601830493
sodium__ec_mc_li_bo,Sodium + EntityCulling + MoreCulling + Lithium + BadOptimizations,entityculling + moreculling + lithium + badoptimizations,block_entity,FPS,True,26.94242,27.48338,2.007837454838879
sodium__ec_mc_li_bo,Sodium + EntityCulling + MoreCulling + Lithium + BadOptimizations,entityculling + moreculling + lithium + badoptimizations,chunk_generation,FPS,True,23.37422,25.63625,9.677456616734158
sodium__ec_mc_li_bo,Sodium + EntityCulling + MoreCulling + Lithium + BadOptimizations,entityculling + moreculling + lithium + badoptimizations,lighting,FPS,True,35.18432,34.5064,-1.9267673781957373
sodium__ec_mc_li_bo,Sodium + EntityCulling + MoreCulling + Lithium + BadOptimizations,entityculling + moreculling + lithium + badoptimizations,memory,MB,False,1887.324,1883.496,-0.20282685961711122
sodium__ec_mc_li_bo,Sodium + EntityCulling + MoreCulling + Lithium + BadOptimizations,entityculling + moreculling + lithium + badoptimizations,network,FPS,True,41.6305,28.22655,-32.197427366954514
sodium__if_li_fc_c2me_bbe,Sodium + ImmediatelyFast + Lithium + FerriteCore + C2ME + Better Block Entities,immediatelyfast + lithium + ferrite-core + c2me-fabric + better-block-entities,renderer_fps,FPS,True,13.4515,10.94102,-18.66319741292792
sodium__if_li_fc_c2me_bbe,Sodium + ImmediatelyFast + Lithium + FerriteCore + C2ME + Better Block Entities,immediatelyfast + lithium + ferrite-core + c2me-fabric + better-block-entities,particle,FPS,True,18.28939,22.49959,23.019903889632175
sodium__if_li_fc_c2me_bbe,Sodium + ImmediatelyFast + Lithium + FerriteCore + C2ME + Better Block Entities,immediatelyfast + lithium + ferrite-core + c2me-fabric + better-block-entities,block_entity,FPS,True,19.36928,16.76965,-13.421407507145345
sodium__if_li_fc_c2me_bbe,Sodium + ImmediatelyFast + Lithium + FerriteCore + C2ME + Better Block Entities,immediatelyfast + lithium + ferrite-core + c2me-fabric + better-block-entities,chunk_generation,FPS,True,22.38071,19.32775,-13.641032835866241
sodium__if_li_fc_c2me_bbe,Sodium + ImmediatelyFast + Lithium + FerriteCore + C2ME + Better Block Entities,immediatelyfast + lithium + ferrite-core + c2me-fabric + better-block-entities,lighting,FPS,True,28.74508,20.49157,-28.712774499149074
sodium__if_li_fc_c2me_bbe,Sodium + ImmediatelyFast + Lithium + FerriteCore + C2ME + Better Block Entities,immediatelyfast + lithium + ferrite-core + c2me-fabric + better-block-entities,memory,MB,False,1960.945,1953.672,-0.370892605350992
sodium__if_li_fc_c2me_bbe,Sodium + ImmediatelyFast + Lithium + FerriteCore + C2ME + Better Block Entities,immediatelyfast + lithium + ferrite-core + c2me-fabric + better-block-entities,network,FPS,True,32.59937,22.29907,-31.596622879521906
sodium__ec_bo,Sodium + EntityCulling + BadOptimizations,entityculling + badoptimizations,renderer_fps,FPS,True,12.558945,12.591194999999999,0.25678908538893097
sodium__ec_bo,Sodium + EntityCulling + BadOptimizations,entityculling + badoptimizations,particle,FPS,True,39.72955,29.45637,-25.857780921253838
sodium__ec_bo,Sodium + EntityCulling + BadOptimizations,entityculling + badoptimizations,block_entity,FPS,True,22.11432,21.61308,-2.2665856332005685
sodium__ec_bo,Sodium + EntityCulling + BadOptimizations,entityculling + badoptimizations,chunk_generation,FPS,True,23.78899,20.24474,-14.898698935936327
sodium__ec_bo,Sodium + EntityCulling + BadOptimizations,entityculling + badoptimizations,lighting,FPS,True,38.64506,34.15091,-11.629300096829965
sodium__ec_bo,Sodium + EntityCulling + BadOptimizations,entityculling + badoptimizations,memory,MB,False,2115.684,1923.086,-9.103344355773368
sodium__ec_bo,Sodium + EntityCulling + BadOptimizations,entityculling + badoptimizations,network,FPS,True,40.16872,35.25243,-12.239100474199837
sodium__li_fc_bo,Sodium + Lithium + FerriteCore + BadOptimizations,lithium + ferrite-core + badoptimizations,renderer_fps,FPS,True,17.8955,15.13969,-15.399457964292695
sodium__li_fc_bo,Sodium + Lithium + FerriteCore + BadOptimizations,lithium + ferrite-core + badoptimizations,particle,FPS,True,42.35597,33.1546,-21.723903383631626
sodium__li_fc_bo,Sodium + Lithium + FerriteCore + BadOptimizations,lithium + ferrite-core + badoptimizations,block_entity,FPS,True,28.34545,27.60032,-2.628746412563565
sodium__li_fc_bo,Sodium + Lithium + FerriteCore + BadOptimizations,lithium + ferrite-core + badoptimizations,chunk_generation,FPS,True,23.84263,20.74607,-12.987493409913252
sodium__li_fc_bo,Sodium + Lithium + FerriteCore + BadOptimizations,lithium + ferrite-core + badoptimizations,lighting,FPS,True,41.17186,37.77675,-8.246190480585536
sodium__li_fc_bo,Sodium + Lithium + FerriteCore + BadOptimizations,lithium + ferrite-core + badoptimizations,memory,MB,False,1761.961,1900.871,7.883829437768486
sodium__li_fc_bo,Sodium + Lithium + FerriteCore + BadOptimizations,lithium + ferrite-core + badoptimizations,network,FPS,True,42.18994,37.85138,-10.283399312727159
sodium__mc_li_fc_c2me,Sodium + MoreCulling + Lithium + FerriteCore + C2ME,moreculling + lithium + ferrite-core + c2me-fabric,renderer_fps,FPS,True,11.752745,9.41365,-19.902541916803262
sodium__mc_li_fc_c2me,Sodium + MoreCulling + Lithium + FerriteCore + C2ME,moreculling + lithium + ferrite-core + c2me-fabric,particle,FPS,True,20.83937,17.49669,-16.040216186957657
sodium__mc_li_fc_c2me,Sodium + MoreCulling + Lithium + FerriteCore + C2ME,moreculling + lithium + ferrite-core + c2me-fabric,block_entity,FPS,True,12.55534,13.05675,3.9935995361336296
sodium__mc_li_fc_c2me,Sodium + MoreCulling + Lithium + FerriteCore + C2ME,moreculling + lithium + ferrite-core + c2me-fabric,chunk_generation,FPS,True,21.40261,18.86146,-11.873084637808184
sodium__mc_li_fc_c2me,Sodium + MoreCulling + Lithium + FerriteCore + C2ME,moreculling + lithium + ferrite-core + c2me-fabric,lighting,FPS,True,18.31866,15.81007,-13.694178504322918
sodium__mc_li_fc_c2me,Sodium + MoreCulling + Lithium + FerriteCore + C2ME,moreculling + lithium + ferrite-core + c2me-fabric,memory,MB,False,1807.73,1878.805,3.9317265299574577
sodium__mc_li_fc_c2me,Sodium + MoreCulling + Lithium + FerriteCore + C2ME,moreculling + lithium + ferrite-core + c2me-fabric,network,FPS,True,20.12407,16.76934,-16.670236189796594
sodium__ec_fc_c2me_bo_bbe,Sodium + EntityCulling + FerriteCore + C2ME + BadOptimizations + Better Block Entities,entityculling + ferrite-core + c2me-fabric + badoptimizations + better-block-entities,renderer_fps,FPS,True,12.85472,10.567485000000001,-17.792958539742585
sodium__ec_fc_c2me_bo_bbe,Sodium + EntityCulling + FerriteCore + C2ME + BadOptimizations + Better Block Entities,entityculling + ferrite-core + c2me-fabric + badoptimizations + better-block-entities,particle,FPS,True,21.08451,21.35893,1.3015241995189886
sodium__ec_fc_c2me_bo_bbe,Sodium + EntityCulling + FerriteCore + C2ME + BadOptimizations + Better Block Entities,entityculling + ferrite-core + c2me-fabric + badoptimizations + better-block-entities,block_entity,FPS,True,17.31657,15.90254,-8.165762619271588
sodium__ec_fc_c2me_bo_bbe,Sodium + EntityCulling + FerriteCore + C2ME + BadOptimizations + Better Block Entities,entityculling + ferrite-core + c2me-fabric + badoptimizations + better-block-entities,chunk_generation,FPS,True,23.59393,23.58491,-0.03823017191285638
sodium__ec_fc_c2me_bo_bbe,Sodium + EntityCulling + FerriteCore + C2ME + BadOptimizations + Better Block Entities,entityculling + ferrite-core + c2me-fabric + badoptimizations + better-block-entities,lighting,FPS,True,18.0953,23.11838,27.759031350682207
sodium__ec_fc_c2me_bo_bbe,Sodium + EntityCulling + FerriteCore + C2ME + BadOptimizations + Better Block Entities,entityculling + ferrite-core + c2me-fabric + badoptimizations + better-block-entities,memory,MB,False,1943.098,2315.453,19.16295523951956
sodium__ec_fc_c2me_bo_bbe,Sodium + EntityCulling + FerriteCore + C2ME + BadOptimizations + Better Block Entities,entityculling + ferrite-core + c2me-fabric + badoptimizations + better-block-entities,network,FPS,True,26.08686,25.31025,-2.977016014959266
sodium__ec_bbe,Sodium + EntityCulling + Better Block Entities,entityculling + better-block-entities,renderer_fps,FPS,True,13.261579999999999,12.12845,-8.544456995320305
sodium__ec_bbe,Sodium + EntityCulling + Better Block Entities,entityculling + better-block-entities,particle,FPS,True,37.07928,26.1576,-29.454940872638304
sodium__ec_bbe,Sodium + EntityCulling + Better Block Entities,entityculling + better-block-entities,block_entity,FPS,True,25.92398,21.63034,-16.562425985516114
sodium__ec_bbe,Sodium + EntityCulling + Better Block Entities,entityculling + better-block-entities,chunk_generation,FPS,True,20.04973,20.84867,3.9847918151516115
sodium__ec_bbe,Sodium + EntityCulling + Better Block Entities,entityculling + better-block-entities,lighting,FPS,True,31.70629,26.29358,-17.071407597672263
sodium__ec_bbe,Sodium + EntityCulling + Better Block Entities,entityculling + better-block-entities,memory,MB,False,1860.617,1949.59,4.781908366955689
sodium__ec_bbe,Sodium + EntityCulling + Better Block Entities,entityculling + better-block-entities,network,FPS,True,40.21208,33.53001,-16.61707128803087
sodium__li_fc_bbe,Sodium + Lithium + FerriteCore + Better Block Entities,lithium + ferrite-core + better-block-entities,renderer_fps,FPS,True,15.812035,15.275475,-3.39336461119647
sodium__li_fc_bbe,Sodium + Lithium + FerriteCore + Better Block Entities,lithium + ferrite-core + better-block-entities,particle,FPS,True,35.84767,33.277,-7.1710936861447365
sodium__li_fc_bbe,Sodium + Lithium + FerriteCore + Better Block Entities,lithium + ferrite-core + better-block-entities,block_entity,FPS,True,25.92061,22.48988,-13.235529565083537
sodium__li_fc_bbe,Sodium + Lithium + FerriteCore + Better Block Entities,lithium + ferrite-core + better-block-entities,chunk_generation,FPS,True,27.04015,19.92454,-26.31497976157676
sodium__li_fc_bbe,Sodium + Lithium + FerriteCore + Better Block Entities,lithium + ferrite-core + better-block-entities,lighting,FPS,True,40.78877,33.10928,-18.827461578272654
sodium__li_fc_bbe,Sodium + Lithium + FerriteCore + Better Block Entities,lithium + ferrite-core + better-block-entities,memory,MB,False,1848.113,1805.445,-2.3087332863304444
sodium__li_fc_bbe,Sodium + Lithium + FerriteCore + Better Block Entities,lithium + ferrite-core + better-block-entities,network,FPS,True,35.07736,37.03824,5.590158438377357
sodium__mc_li_fc_bo,Sodium + MoreCulling + Lithium + FerriteCore + BadOptimizations,moreculling + lithium + ferrite-core + badoptimizations,renderer_fps,FPS,True,15.55114,13.06999,-15.954778877947206
sodium__mc_li_fc_bo,Sodium + MoreCulling + Lithium + FerriteCore + BadOptimizations,moreculling + lithium + ferrite-core + badoptimizations,particle,FPS,True,30.12175,30.51412,1.3026135599691235
sodium__mc_li_fc_bo,Sodium + MoreCulling + Lithium + FerriteCore + BadOptimizations,moreculling + lithium + ferrite-core + badoptimizations,block_entity,FPS,True,24.05107,18.66191,-22.407152779481333
sodium__mc_li_fc_bo,Sodium + MoreCulling + Lithium + FerriteCore + BadOptimizations,moreculling + lithium + ferrite-core + badoptimizations,chunk_generation,FPS,True,25.84658,19.67957,-23.860061950169044
sodium__mc_li_fc_bo,Sodium + MoreCulling + Lithium + FerriteCore + BadOptimizations,moreculling + lithium + ferrite-core + badoptimizations,lighting,FPS,True,39.71589,28.8314,-27.405882129293847
sodium__mc_li_fc_bo,Sodium + MoreCulling + Lithium + FerriteCore + BadOptimizations,moreculling + lithium + ferrite-core + badoptimizations,memory,MB,False,1838.793,1905.535,3.6296635891043927
sodium__mc_li_fc_bo,Sodium + MoreCulling + Lithium + FerriteCore + BadOptimizations,moreculling + lithium + ferrite-core + badoptimizations,network,FPS,True,41.68158,33.68594,-19.18267013870394
sodium__mc_li_fc_c2me_bo,Sodium + MoreCulling + Lithium + FerriteCore + C2ME + BadOptimizations,moreculling + lithium + ferrite-core + c2me-fabric + badoptimizations,renderer_fps,FPS,True,12.424510000000001,10.701575,-13.867226957038959
sodium__mc_li_fc_c2me_bo,Sodium + MoreCulling + Lithium + FerriteCore + C2ME + BadOptimizations,moreculling + lithium + ferrite-core + c2me-fabric + badoptimizations,particle,FPS,True,18.25742,17.7808,-2.6105550510422626
sodium__mc_li_fc_c2me_bo,Sodium + MoreCulling + Lithium + FerriteCore + C2ME + BadOptimizations,moreculling + lithium + ferrite-core + c2me-fabric + badoptimizations,block_entity,FPS,True,15.87818,12.97062,-18.311670481125674
sodium__mc_li_fc_c2me_bo,Sodium + MoreCulling + Lithium + FerriteCore + C2ME + BadOptimizations,moreculling + lithium + ferrite-core + c2me-fabric + badoptimizations,chunk_generation,FPS,True,22.61528,19.66622,-13.040121546140481
sodium__mc_li_fc_c2me_bo,Sodium + MoreCulling + Lithium + FerriteCore + C2ME + BadOptimizations,moreculling + lithium + ferrite-core + c2me-fabric + badoptimizations,lighting,FPS,True,19.27961,20.42742,5.953491797811261
sodium__mc_li_fc_c2me_bo,Sodium + MoreCulling + Lithium + FerriteCore + C2ME + BadOptimizations,moreculling + lithium + ferrite-core + c2me-fabric + badoptimizations,memory,MB,False,1813.93,1885.438,3.9421587382093115
sodium__mc_li_fc_c2me_bo,Sodium + MoreCulling + Lithium + FerriteCore + C2ME + BadOptimizations,moreculling + lithium + ferrite-core + c2me-fabric + badoptimizations,network,FPS,True,24.35517,24.64212,1.1781892715181153
sodium__mc_fc,Sodium + MoreCulling + FerriteCore,moreculling + ferrite-core,renderer_fps,FPS,True,13.253240000000002,14.205335,7.183865982959614
sodium__mc_fc,Sodium + MoreCulling + FerriteCore,moreculling + ferrite-core,particle,FPS,True,37.20336,30.6081,-17.727592346497744
sodium__mc_fc,Sodium + MoreCulling + FerriteCore,moreculling + ferrite-core,block_entity,FPS,True,23.36777,25.34252,8.450742197479698
sodium__mc_fc,Sodium + MoreCulling + FerriteCore,moreculling + ferrite-core,chunk_generation,FPS,True,21.34128,19.79099,-7.264278431284343
sodium__mc_fc,Sodium + MoreCulling + FerriteCore,moreculling + ferrite-core,lighting,FPS,True,29.06338,31.15405,7.193485410162204
sodium__mc_fc,Sodium + MoreCulling + FerriteCore,moreculling + ferrite-core,memory,MB,False,1847.359,1982.297,7.304373432559674
sodium__mc_fc,Sodium + MoreCulling + FerriteCore,moreculling + ferrite-core,network,FPS,True,39.98523,34.76444,-13.056796222004973
sodium__li_c2me_bbe,Sodium + Lithium + C2ME + Better Block Entities,lithium + c2me-fabric + better-block-entities,renderer_fps,FPS,True,12.84842,10.665755,-16.987808617713306
sodium__li_c2me_bbe,Sodium + Lithium + C2ME + Better Block Entities,lithium + c2me-fabric + better-block-entities,particle,FPS,True,21.52578,18.54203,-13.86128632737118
sodium__li_c2me_bbe,Sodium + Lithium + C2ME + Better Block Entities,lithium + c2me-fabric + better-block-entities,block_entity,FPS,True,19.0806,15.84868,-16.9382514176703
sodium__li_c2me_bbe,Sodium + Lithium + C2ME + Better Block Entities,lithium + c2me-fabric + better-block-entities,chunk_generation,FPS,True,20.451,20.20039,-1.2254168500317908
sodium__li_c2me_bbe,Sodium + Lithium + C2ME + Better Block Entities,lithium + c2me-fabric + better-block-entities,lighting,FPS,True,18.99153,23.61246,24.331530950902835
sodium__li_c2me_bbe,Sodium + Lithium + C2ME + Better Block Entities,lithium + c2me-fabric + better-block-entities,memory,MB,False,1846.969,1913.422,3.597948855665689
sodium__li_c2me_bbe,Sodium + Lithium + C2ME + Better Block Entities,lithium + c2me-fabric + better-block-entities,network,FPS,True,25.43267,25.66486,0.9129595909513233
sodium__mc_li_c2me_bo,Sodium + MoreCulling + Lithium + C2ME + BadOptimizations,moreculling + lithium + c2me-fabric + badoptimizations,renderer_fps,FPS,True,11.60613,10.28904,-11.348227186840065
sodium__mc_li_c2me_bo,Sodium + MoreCulling + Lithium + C2ME + BadOptimizations,moreculling + lithium + c2me-fabric + badoptimizations,particle,FPS,True,18.62806,24.13097,29.540972060429272
sodium__mc_li_c2me_bo,Sodium + MoreCulling + Lithium + C2ME + BadOptimizations,moreculling + lithium + c2me-fabric + badoptimizations,block_entity,FPS,True,14.28099,17.1015,19.750101358519288
sodium__mc_li_c2me_bo,Sodium + MoreCulling + Lithium + C2ME + BadOptimizations,moreculling + lithium + c2me-fabric + badoptimizations,chunk_generation,FPS,True,22.30655,20.51222,-8.043960182098985
sodium__mc_li_c2me_bo,Sodium + MoreCulling + Lithium + C2ME + BadOptimizations,moreculling + lithium + c2me-fabric + badoptimizations,lighting,FPS,True,18.38159,18.9909,3.3147839767941667
sodium__mc_li_c2me_bo,Sodium + MoreCulling + Lithium + C2ME + BadOptimizations,moreculling + lithium + c2me-fabric + badoptimizations,memory,MB,False,1794.414,1942.426,8.248486692591573
sodium__mc_li_c2me_bo,Sodium + MoreCulling + Lithium + C2ME + BadOptimizations,moreculling + lithium + c2me-fabric + badoptimizations,network,FPS,True,23.63571,21.32155,-9.790947680437778
sodium__mc_li_fc_bo_bbe,Sodium + MoreCulling + Lithium + FerriteCore + BadOptimizations + Better Block Entities,moreculling + lithium + ferrite-core + badoptimizations + better-block-entities,renderer_fps,FPS,True,17.3047,17.27543,-0.16914479881188216
sodium__mc_li_fc_bo_bbe,Sodium + MoreCulling + Lithium + FerriteCore + BadOptimizations + Better Block Entities,moreculling + lithium + ferrite-core + badoptimizations + better-block-entities,particle,FPS,True,39.25954,37.15536,-5.359665446920669
sodium__mc_li_fc_bo_bbe,Sodium + MoreCulling + Lithium + FerriteCore + BadOptimizations + Better Block Entities,moreculling + lithium + ferrite-core + badoptimizations + better-block-entities,block_entity,FPS,True,25.99585,26.32922,1.2823969979823602
sodium__mc_li_fc_bo_bbe,Sodium + MoreCulling + Lithium + FerriteCore + BadOptimizations + Better Block Entities,moreculling + lithium + ferrite-core + badoptimizations + better-block-entities,chunk_generation,FPS,True,25.21292,24.02206,-4.723213336654386
sodium__mc_li_fc_bo_bbe,Sodium + MoreCulling + Lithium + FerriteCore + BadOptimizations + Better Block Entities,moreculling + lithium + ferrite-core + badoptimizations + better-block-entities,lighting,FPS,True,41.21304,34.74312,-15.698720599111349
sodium__mc_li_fc_bo_bbe,Sodium + MoreCulling + Lithium + FerriteCore + BadOptimizations + Better Block Entities,moreculling + lithium + ferrite-core + badoptimizations + better-block-entities,memory,MB,False,1781.16,1932.586,8.50153832333984
sodium__mc_li_fc_bo_bbe,Sodium + MoreCulling + Lithium + FerriteCore + BadOptimizations + Better Block Entities,moreculling + lithium + ferrite-core + badoptimizations + better-block-entities,network,FPS,True,43.0374,35.69923,-17.0506815002765
sodium__mc_c2me,Sodium + MoreCulling + C2ME,moreculling + c2me-fabric,renderer_fps,FPS,True,10.590499999999999,10.714445,1.1703413436570553
sodium__mc_c2me,Sodium + MoreCulling + C2ME,moreculling + c2me-fabric,particle,FPS,True,18.88222,19.16616,1.5037426743253812
sodium__mc_c2me,Sodium + MoreCulling + C2ME,moreculling + c2me-fabric,block_entity,FPS,True,16.61588,14.98109,-9.838720549257706
sodium__mc_c2me,Sodium + MoreCulling + C2ME,moreculling + c2me-fabric,chunk_generation,FPS,True,24.19798,20.1937,-16.547992848989878
sodium__mc_c2me,Sodium + MoreCulling + C2ME,moreculling + c2me-fabric,lighting,FPS,True,15.59928,18.36463,17.727420752752685
sodium__mc_c2me,Sodium + MoreCulling + C2ME,moreculling + c2me-fabric,memory,MB,False,1948.66,2031.969,4.275194236039126
sodium__mc_c2me,Sodium + MoreCulling + C2ME,moreculling + c2me-fabric,network,FPS,True,20.03682,21.56861,7.644875783682248
sodium__li_bo_bbe,Sodium + Lithium + BadOptimizations + Better Block Entities,lithium + badoptimizations + better-block-entities,renderer_fps,FPS,True,20.869095,15.56891,-25.397292024402596
sodium__li_bo_bbe,Sodium + Lithium + BadOptimizations + Better Block Entities,lithium + badoptimizations + better-block-entities,particle,FPS,True,40.00665,33.11116,-17.23585953835175
sodium__li_bo_bbe,Sodium + Lithium + BadOptimizations + Better Block Entities,lithium + badoptimizations + better-block-entities,block_entity,FPS,True,34.29533,27.32582,-20.32203801508835
sodium__li_bo_bbe,Sodium + Lithium + BadOptimizations + Better Block Entities,lithium + badoptimizations + better-block-entities,chunk_generation,FPS,True,28.34588,22.29389,-21.350510197601913
sodium__li_bo_bbe,Sodium + Lithium + BadOptimizations + Better Block Entities,lithium + badoptimizations + better-block-entities,lighting,FPS,True,44.09571,31.54406,-28.464560384672332
sodium__li_bo_bbe,Sodium + Lithium + BadOptimizations + Better Block Entities,lithium + badoptimizations + better-block-entities,memory,MB,False,1866.832,1917.531,2.715777316866208
sodium__li_bo_bbe,Sodium + Lithium + BadOptimizations + Better Block Entities,lithium + badoptimizations + better-block-entities,network,FPS,True,45.92186,37.42736,-18.497726355160705
sodium__mc_li_c2me_bbe,Sodium + MoreCulling + Lithium + C2ME + Better Block Entities,moreculling + lithium + c2me-fabric + better-block-entities,renderer_fps,FPS,True,13.633085000000001,10.24168,-24.876284421317706
sodium__mc_li_c2me_bbe,Sodium + MoreCulling + Lithium + C2ME + Better Block Entities,moreculling + lithium + c2me-fabric + better-block-entities,particle,FPS,True,28.85451,18.83581,-34.72143522797651
sodium__mc_li_c2me_bbe,Sodium + MoreCulling + Lithium + C2ME + Better Block Entities,moreculling + lithium + c2me-fabric + better-block-entities,block_entity,FPS,True,16.09124,15.48566,-3.763414130918441
sodium__mc_li_c2me_bbe,Sodium + MoreCulling + Lithium + C2ME + Better Block Entities,moreculling + lithium + c2me-fabric + better-block-entities,chunk_generation,FPS,True,21.77558,22.71979,4.33609575496956
sodium__mc_li_c2me_bbe,Sodium + MoreCulling + Lithium + C2ME + Better Block Entities,moreculling + lithium + c2me-fabric + better-block-entities,lighting,FPS,True,22.98047,23.10716,0.5512942076467464
sodium__mc_li_c2me_bbe,Sodium + MoreCulling + Lithium + C2ME + Better Block Entities,moreculling + lithium + c2me-fabric + better-block-entities,memory,MB,False,1827.863,2113.426,15.622779168898315
sodium__mc_li_c2me_bbe,Sodium + MoreCulling + Lithium + C2ME + Better Block Entities,moreculling + lithium + c2me-fabric + better-block-entities,network,FPS,True,23.5808,23.73196,0.6410299905007522
sodium__mc_li_c2me_bo_bbe,Sodium + MoreCulling + Lithium + C2ME + BadOptimizations + Better Block Entities,moreculling + lithium + c2me-fabric + badoptimizations + better-block-entities,renderer_fps,FPS,True,14.117619999999999,12.927055,-8.43318491360442
sodium__mc_li_c2me_bo_bbe,Sodium + MoreCulling + Lithium + C2ME + BadOptimizations + Better Block Entities,moreculling + lithium + c2me-fabric + badoptimizations + better-block-entities,particle,FPS,True,24.95241,23.68257,-5.089047510841649
sodium__mc_li_c2me_bo_bbe,Sodium + MoreCulling + Lithium + C2ME + BadOptimizations + Better Block Entities,moreculling + lithium + c2me-fabric + badoptimizations + better-block-entities,block_entity,FPS,True,17.66254,20.22022,14.480816462411417
sodium__mc_li_c2me_bo_bbe,Sodium + MoreCulling + Lithium + C2ME + BadOptimizations + Better Block Entities,moreculling + lithium + c2me-fabric + badoptimizations + better-block-entities,chunk_generation,FPS,True,26.32694,20.40243,-22.503602773432853
sodium__mc_li_c2me_bo_bbe,Sodium + MoreCulling + Lithium + C2ME + BadOptimizations + Better Block Entities,moreculling + lithium + c2me-fabric + badoptimizations + better-block-entities,lighting,FPS,True,25.75647,18.98241,-26.300420826301117
sodium__mc_li_c2me_bo_bbe,Sodium + MoreCulling + Lithium + C2ME + BadOptimizations + Better Block Entities,moreculling + lithium + c2me-fabric + badoptimizations + better-block-entities,memory,MB,False,2027.641,1970.824,-2.802123255546718
sodium__mc_li_c2me_bo_bbe,Sodium + MoreCulling + Lithium + C2ME + BadOptimizations + Better Block Entities,moreculling + lithium + c2me-fabric + badoptimizations + better-block-entities,network,FPS,True,30.54161,29.51289,-3.368257272619224
sodium__li_bo,Sodium + Lithium + BadOptimizations,lithium + badoptimizations,renderer_fps,FPS,True,16.445619999999998,14.462925,-12.056067208168486
sodium__li_bo,Sodium + Lithium + BadOptimizations,lithium + badoptimizations,particle,FPS,True,38.88579,35.27674,-9.28115386108911
sodium__li_bo,Sodium + Lithium + BadOptimizations,lithium + badoptimizations,block_entity,FPS,True,31.9615,29.24583,-8.496691331758521
sodium__li_bo,Sodium + Lithium + BadOptimizations,lithium + badoptimizations,chunk_generation,FPS,True,27.30404,26.17014,-4.1528652902647405
sodium__li_bo,Sodium + Lithium + BadOptimizations,lithium + badoptimizations,lighting,FPS,True,46.56907,38.72476,-16.844463503351047
sodium__li_bo,Sodium + Lithium + BadOptimizations,lithium + badoptimizations,memory,MB,False,1999.254,1985.578,-0.6840551525719052
sodium__li_bo,Sodium + Lithium + BadOptimizations,lithium + badoptimizations,network,FPS,True,44.05445,36.61758,-16.88108692765431
sodium__if_ec_mc_li,Sodium + ImmediatelyFast + EntityCulling + MoreCulling + Lithium,immediatelyfast + entityculling + moreculling + lithium,renderer_fps,FPS,True,15.044410000000001,16.90353,12.35754675656937
sodium__if_ec_mc_li,Sodium + ImmediatelyFast + EntityCulling + MoreCulling + Lithium,immediatelyfast + entityculling + moreculling + lithium,particle,FPS,True,30.90007,31.68548,2.5417741772105984
sodium__if_ec_mc_li,Sodium + ImmediatelyFast + EntityCulling + MoreCulling + Lithium,immediatelyfast + entityculling + moreculling + lithium,block_entity,FPS,True,27.59606,27.47802,-0.427742221172156
sodium__if_ec_mc_li,Sodium + ImmediatelyFast + EntityCulling + MoreCulling + Lithium,immediatelyfast + entityculling + moreculling + lithium,chunk_generation,FPS,True,25.25626,25.65164,1.565473272764839
sodium__if_ec_mc_li,Sodium + ImmediatelyFast + EntityCulling + MoreCulling + Lithium,immediatelyfast + entityculling + moreculling + lithium,lighting,FPS,True,38.97834,37.79364,-3.0393803327694258
sodium__if_ec_mc_li,Sodium + ImmediatelyFast + EntityCulling + MoreCulling + Lithium,immediatelyfast + entityculling + moreculling + lithium,memory,MB,False,1768.188,1911.035,8.07872239829701
sodium__if_ec_mc_li,Sodium + ImmediatelyFast + EntityCulling + MoreCulling + Lithium,immediatelyfast + entityculling + moreculling + lithium,network,FPS,True,37.46323,30.3353,-19.026469420816095
sodium__mc_c2me_bo_bbe,Sodium + MoreCulling + C2ME + BadOptimizations + Better Block Entities,moreculling + c2me-fabric + badoptimizations + better-block-entities,renderer_fps,FPS,True,12.843115000000001,10.78422,-16.031118618808605
sodium__mc_c2me_bo_bbe,Sodium + MoreCulling + C2ME + BadOptimizations + Better Block Entities,moreculling + c2me-fabric + badoptimizations + better-block-entities,particle,FPS,True,18.80112,16.1796,-13.943424647042303
sodium__mc_c2me_bo_bbe,Sodium + MoreCulling + C2ME + BadOptimizations + Better Block Entities,moreculling + c2me-fabric + badoptimizations + better-block-entities,block_entity,FPS,True,14.94356,13.29956,-11.00139458067556
sodium__mc_c2me_bo_bbe,Sodium + MoreCulling + C2ME + BadOptimizations + Better Block Entities,moreculling + c2me-fabric + badoptimizations + better-block-entities,chunk_generation,FPS,True,22.21641,24.0636,8.314529665233938
sodium__mc_c2me_bo_bbe,Sodium + MoreCulling + C2ME + BadOptimizations + Better Block Entities,moreculling + c2me-fabric + badoptimizations + better-block-entities,lighting,FPS,True,17.68364,17.96189,1.5734882637285175
sodium__mc_c2me_bo_bbe,Sodium + MoreCulling + C2ME + BadOptimizations + Better Block Entities,moreculling + c2me-fabric + badoptimizations + better-block-entities,memory,MB,False,1952.727,1990.77,1.9481985961171233
sodium__mc_c2me_bo_bbe,Sodium + MoreCulling + C2ME + BadOptimizations + Better Block Entities,moreculling + c2me-fabric + badoptimizations + better-block-entities,network,FPS,True,22.37683,19.77001,-11.649639381449484
sodium__if_ec_mc_li_fc_bbe,Sodium + ImmediatelyFast + EntityCulling + MoreCulling + Lithium + FerriteCore + Better Block Entities,immediatelyfast + entityculling + moreculling + lithium + ferrite-core + better-block-entities,renderer_fps,FPS,True,13.851695,14.939125,7.850519376870491
sodium__if_ec_mc_li_fc_bbe,Sodium + ImmediatelyFast + EntityCulling + MoreCulling + Lithium + FerriteCore + Better Block Entities,immediatelyfast + entityculling + moreculling + lithium + ferrite-core + better-block-entities,particle,FPS,True,29.33941,32.71937,11.52020439402155
sodium__if_ec_mc_li_fc_bbe,Sodium + ImmediatelyFast + EntityCulling + MoreCulling + Lithium + FerriteCore + Better Block Entities,immediatelyfast + entityculling + moreculling + lithium + ferrite-core + better-block-entities,block_entity,FPS,True,21.73841,26.36067,21.263100659155842
sodium__if_ec_mc_li_fc_bbe,Sodium + ImmediatelyFast + EntityCulling + MoreCulling + Lithium + FerriteCore + Better Block Entities,immediatelyfast + entityculling + moreculling + lithium + ferrite-core + better-block-entities,chunk_generation,FPS,True,23.25195,23.67057,1.8003651306664592
sodium__if_ec_mc_li_fc_bbe,Sodium + ImmediatelyFast + EntityCulling + MoreCulling + Lithium + FerriteCore + Better Block Entities,immediatelyfast + entityculling + moreculling + lithium + ferrite-core + better-block-entities,lighting,FPS,True,36.96026,34.32345,-7.134176004173121
sodium__if_ec_mc_li_fc_bbe,Sodium + ImmediatelyFast + EntityCulling + MoreCulling + Lithium + FerriteCore + Better Block Entities,immediatelyfast + entityculling + moreculling + lithium + ferrite-core + better-block-entities,memory,MB,False,1872.68,1942.051,3.7043702074032847
sodium__if_ec_mc_li_fc_bbe,Sodium + ImmediatelyFast + EntityCulling + MoreCulling + Lithium + FerriteCore + Better Block Entities,immediatelyfast + entityculling + moreculling + lithium + ferrite-core + better-block-entities,network,FPS,True,32.86213,34.22043,4.1333291542575035
sodium__mc,Sodium + MoreCulling,moreculling,renderer_fps,FPS,True,12.355475,13.24689,7.214736786728149
sodium__mc,Sodium + MoreCulling,moreculling,particle,FPS,True,28.00217,30.18862,7.808144868772682
sodium__mc,Sodium + MoreCulling,moreculling,block_entity,FPS,True,18.44936,23.53614,27.571579718754478
sodium__mc,Sodium + MoreCulling,moreculling,chunk_generation,FPS,True,19.77155,16.097,-18.585037591893403
sodium__mc,Sodium + MoreCulling,moreculling,lighting,FPS,True,31.73549,30.40495,-4.192593213465424
sodium__mc,Sodium + MoreCulling,moreculling,memory,MB,False,1772.648,2159.828,21.841899801878316
sodium__mc,Sodium + MoreCulling,moreculling,network,FPS,True,39.1436,32.43978,-17.126222422056227
sodium__ec_fc_c2me,Sodium + EntityCulling + FerriteCore + C2ME,entityculling + ferrite-core + c2me-fabric,renderer_fps,FPS,True,12.55325,12.36233,-1.520881046740885
sodium__ec_fc_c2me,Sodium + EntityCulling + FerriteCore + C2ME,entityculling + ferrite-core + c2me-fabric,particle,FPS,True,20.51216,19.21255,-6.335802762848974
sodium__ec_fc_c2me,Sodium + EntityCulling + FerriteCore + C2ME,entityculling + ferrite-core + c2me-fabric,block_entity,FPS,True,18.20382,18.13883,-0.35701297859460634
sodium__ec_fc_c2me,Sodium + EntityCulling + FerriteCore + C2ME,entityculling + ferrite-core + c2me-fabric,chunk_generation,FPS,True,25.9799,22.59111,-13.043891623909253
sodium__ec_fc_c2me,Sodium + EntityCulling + FerriteCore + C2ME,entityculling + ferrite-core + c2me-fabric,lighting,FPS,True,21.19645,16.75476,-20.954876877967767
sodium__ec_fc_c2me,Sodium + EntityCulling + FerriteCore + C2ME,entityculling + ferrite-core + c2me-fabric,memory,MB,False,1928.996,2142.965,11.092246951263762
sodium__ec_fc_c2me,Sodium + EntityCulling + FerriteCore + C2ME,entityculling + ferrite-core + c2me-fabric,network,FPS,True,24.65697,23.21491,-5.848488277351194
sodium__ec_mc_li_bbe,Sodium + EntityCulling + MoreCulling + Lithium + Better Block Entities,entityculling + moreculling + lithium + better-block-entities,renderer_fps,FPS,True,18.310935,13.621185,-25.61174511296119
sodium__ec_mc_li_bbe,Sodium + EntityCulling + MoreCulling + Lithium + Better Block Entities,entityculling + moreculling + lithium + better-block-entities,particle,FPS,True,36.66993,34.42946,-6.109828952495954
sodium__ec_mc_li_bbe,Sodium + EntityCulling + MoreCulling + Lithium + Better Block Entities,entityculling + moreculling + lithium + better-block-entities,block_entity,FPS,True,28.17431,23.2911,-17.332136971588653
sodium__ec_mc_li_bbe,Sodium + EntityCulling + MoreCulling + Lithium + Better Block Entities,entityculling + moreculling + lithium + better-block-entities,chunk_generation,FPS,True,24.02479,24.05547,0.12770142839957366
sodium__ec_mc_li_bbe,Sodium + EntityCulling + MoreCulling + Lithium + Better Block Entities,entityculling + moreculling + lithium + better-block-entities,lighting,FPS,True,44.70652,29.81879,-33.30102633799276
sodium__ec_mc_li_bbe,Sodium + EntityCulling + MoreCulling + Lithium + Better Block Entities,entityculling + moreculling + lithium + better-block-entities,memory,MB,False,1844.062,1868.242,1.3112357393623375
sodium__ec_mc_li_bbe,Sodium + EntityCulling + MoreCulling + Lithium + Better Block Entities,entityculling + moreculling + lithium + better-block-entities,network,FPS,True,39.61229,37.53189,-5.251905406125235
sodium__if_li_fc_bo_bbe,Sodium + ImmediatelyFast + Lithium + FerriteCore + BadOptimizations + Better Block Entities,immediatelyfast + lithium + ferrite-core + badoptimizations + better-block-entities,renderer_fps,FPS,True,18.470574999999997,15.583815,-15.628966613113004
sodium__if_li_fc_bo_bbe,Sodium + ImmediatelyFast + Lithium + FerriteCore + BadOptimizations + Better Block Entities,immediatelyfast + lithium + ferrite-core + badoptimizations + better-block-entities,particle,FPS,True,42.05254,32.45557,-22.821380111641286
sodium__if_li_fc_bo_bbe,Sodium + ImmediatelyFast + Lithium + FerriteCore + BadOptimizations + Better Block Entities,immediatelyfast + lithium + ferrite-core + badoptimizations + better-block-entities,block_entity,FPS,True,33.29123,27.2185,-18.241230498242334
sodium__if_li_fc_bo_bbe,Sodium + ImmediatelyFast + Lithium + FerriteCore + BadOptimizations + Better Block Entities,immediatelyfast + lithium + ferrite-core + badoptimizations + better-block-entities,chunk_generation,FPS,True,26.00919,22.75885,-12.496890522157756
sodium__if_li_fc_bo_bbe,Sodium + ImmediatelyFast + Lithium + FerriteCore + BadOptimizations + Better Block Entities,immediatelyfast + lithium + ferrite-core + badoptimizations + better-block-entities,lighting,FPS,True,41.5561,38.01069,-8.531623516162501
sodium__if_li_fc_bo_bbe,Sodium + ImmediatelyFast + Lithium + FerriteCore + BadOptimizations + Better Block Entities,immediatelyfast + lithium + ferrite-core + badoptimizations + better-block-entities,memory,MB,False,1852.617,1915.535,3.396168770987207
sodium__if_li_fc_bo_bbe,Sodium + ImmediatelyFast + Lithium + FerriteCore + BadOptimizations + Better Block Entities,immediatelyfast + lithium + ferrite-core + badoptimizations + better-block-entities,network,FPS,True,45.99803,32.7219,-28.862388237061467
sodium__fc_c2me,Sodium + FerriteCore + C2ME,ferrite-core + c2me-fabric,renderer_fps,FPS,True,10.977575,9.23667,-15.85873929351428
sodium__fc_c2me,Sodium + FerriteCore + C2ME,ferrite-core + c2me-fabric,particle,FPS,True,23.48498,20.18319,-14.059156107435477
sodium__fc_c2me,Sodium + FerriteCore + C2ME,ferrite-core + c2me-fabric,block_entity,FPS,True,15.13032,16.35954,8.12421680440334
sodium__fc_c2me,Sodium + FerriteCore + C2ME,ferrite-core + c2me-fabric,chunk_generation,FPS,True,24.11875,22.87924,-5.139196683078517
sodium__fc_c2me,Sodium + FerriteCore + C2ME,ferrite-core + c2me-fabric,lighting,FPS,True,21.44663,22.65896,5.652776217056021
sodium__fc_c2me,Sodium + FerriteCore + C2ME,ferrite-core + c2me-fabric,memory,MB,False,1884.77,2047.445,8.631026597409752
sodium__fc_c2me,Sodium + FerriteCore + C2ME,ferrite-core + c2me-fabric,network,FPS,True,22.4528,21.98108,-2.10094063992019
sodium__if_ec_mc_c2me,Sodium + ImmediatelyFast + EntityCulling + MoreCulling + C2ME,immediatelyfast + entityculling + moreculling + c2me-fabric,renderer_fps,FPS,True,11.165235,9.177125,-17.806253070356327
sodium__if_ec_mc_c2me,Sodium + ImmediatelyFast + EntityCulling + MoreCulling + C2ME,immediatelyfast + entityculling + moreculling + c2me-fabric,particle,FPS,True,18.09932,15.91682,-12.058464074893415
sodium__if_ec_mc_c2me,Sodium + ImmediatelyFast + EntityCulling + MoreCulling + C2ME,immediatelyfast + entityculling + moreculling + c2me-fabric,block_entity,FPS,True,13.1048,14.44872,10.255173676820718
sodium__if_ec_mc_c2me,Sodium + ImmediatelyFast + EntityCulling + MoreCulling + C2ME,immediatelyfast + entityculling + moreculling + c2me-fabric,chunk_generation,FPS,True,24.53765,21.40907,-12.750120732833015
sodium__if_ec_mc_c2me,Sodium + ImmediatelyFast + EntityCulling + MoreCulling + C2ME,immediatelyfast + entityculling + moreculling + c2me-fabric,lighting,FPS,True,16.75507,17.58307,4.941787769313999
sodium__if_ec_mc_c2me,Sodium + ImmediatelyFast + EntityCulling + MoreCulling + C2ME,immediatelyfast + entityculling + moreculling + c2me-fabric,memory,MB,False,2032.496,1972.973,-2.928566649085662
sodium__if_ec_mc_c2me,Sodium + ImmediatelyFast + EntityCulling + MoreCulling + C2ME,immediatelyfast + entityculling + moreculling + c2me-fabric,network,FPS,True,19.90435,19.70218,-1.015707621700801
sodium__li_fc_c2me_bbe,Sodium + Lithium + FerriteCore + C2ME + Better Block Entities,lithium + ferrite-core + c2me-fabric + better-block-entities,renderer_fps,FPS,True,11.752825,11.092600000000001,-5.617585559216598
sodium__li_fc_c2me_bbe,Sodium + Lithium + FerriteCore + C2ME + Better Block Entities,lithium + ferrite-core + c2me-fabric + better-block-entities,particle,FPS,True,25.86919,19.61257,-24.18560457439911
sodium__li_fc_c2me_bbe,Sodium + Lithium + FerriteCore + C2ME + Better Block Entities,lithium + ferrite-core + c2me-fabric + better-block-entities,block_entity,FPS,True,17.53004,15.79798,-9.880525087221702
sodium__li_fc_c2me_bbe,Sodium + Lithium + FerriteCore + C2ME + Better Block Entities,lithium + ferrite-core + c2me-fabric + better-block-entities,chunk_generation,FPS,True,23.1741,22.0964,-4.650450287174046
sodium__li_fc_c2me_bbe,Sodium + Lithium + FerriteCore + C2ME + Better Block Entities,lithium + ferrite-core + c2me-fabric + better-block-entities,lighting,FPS,True,24.50983,20.12914,-17.873196182919273
sodium__li_fc_c2me_bbe,Sodium + Lithium + FerriteCore + C2ME + Better Block Entities,lithium + ferrite-core + c2me-fabric + better-block-entities,memory,MB,False,1839.684,1894.055,2.955453219139814
sodium__li_fc_c2me_bbe,Sodium + Lithium + FerriteCore + C2ME + Better Block Entities,lithium + ferrite-core + c2me-fabric + better-block-entities,network,FPS,True,29.1495,22.40464,-23.13885315357038
sodium__if_ec_mc_li_c2me_bbe,Sodium + ImmediatelyFast + EntityCulling + MoreCulling + Lithium + C2ME + Better Block Entities,immediatelyfast + entityculling + moreculling + lithium + c2me-fabric + better-block-entities,renderer_fps,FPS,True,11.242435,10.388055,-7.59959919714902
sodium__if_ec_mc_li_c2me_bbe,Sodium + ImmediatelyFast + EntityCulling + MoreCulling + Lithium + C2ME + Better Block Entities,immediatelyfast + entityculling + moreculling + lithium + c2me-fabric + better-block-entities,particle,FPS,True,23.29227,18.87156,-18.979300858181702
sodium__if_ec_mc_li_c2me_bbe,Sodium + ImmediatelyFast + EntityCulling + MoreCulling + Lithium + C2ME + Better Block Entities,immediatelyfast + entityculling + moreculling + lithium + c2me-fabric + better-block-entities,block_entity,FPS,True,16.15474,14.78633,-8.47064081501776
sodium__if_ec_mc_li_c2me_bbe,Sodium + ImmediatelyFast + EntityCulling + MoreCulling + Lithium + C2ME + Better Block Entities,immediatelyfast + entityculling + moreculling + lithium + c2me-fabric + better-block-entities,chunk_generation,FPS,True,22.81315,22.12216,-3.0289109570576622
sodium__if_ec_mc_li_c2me_bbe,Sodium + ImmediatelyFast + EntityCulling + MoreCulling + Lithium + C2ME + Better Block Entities,immediatelyfast + entityculling + moreculling + lithium + c2me-fabric + better-block-entities,lighting,FPS,True,21.13248,17.63324,-16.55858659277094
sodium__if_ec_mc_li_c2me_bbe,Sodium + ImmediatelyFast + EntityCulling + MoreCulling + Lithium + C2ME + Better Block Entities,immediatelyfast + entityculling + moreculling + lithium + c2me-fabric + better-block-entities,memory,MB,False,1866.055,1970.457,5.594797580993061
sodium__if_ec_mc_li_c2me_bbe,Sodium + ImmediatelyFast + EntityCulling + MoreCulling + Lithium + C2ME + Better Block Entities,immediatelyfast + entityculling + moreculling + lithium + c2me-fabric + better-block-entities,network,FPS,True,19.56074,25.10424,28.339929879953417
sodium__fc_bo,Sodium + FerriteCore + BadOptimizations,ferrite-core + badoptimizations,renderer_fps,FPS,True,16.88771,13.427990000000001,-20.486614230111712
sodium__fc_bo,Sodium + FerriteCore + BadOptimizations,ferrite-core + badoptimizations,particle,FPS,True,41.39395,31.36221,-24.234797597233403
sodium__fc_bo,Sodium + FerriteCore + BadOptimizations,ferrite-core + badoptimizations,block_entity,FPS,True,32.05742,23.88711,-25.48648643590158
sodium__fc_bo,Sodium + FerriteCore + BadOptimizations,ferrite-core + badoptimizations,chunk_generation,FPS,True,21.78712,19.20048,-11.872335581756577
sodium__fc_bo,Sodium + FerriteCore + BadOptimizations,ferrite-core + badoptimizations,lighting,FPS,True,41.58728,31.45613,-24.361174859235803
sodium__fc_bo,Sodium + FerriteCore + BadOptimizations,ferrite-core + badoptimizations,memory,MB,False,1840.504,2076.68,12.832137284135214
sodium__fc_bo,Sodium + FerriteCore + BadOptimizations,ferrite-core + badoptimizations,network,FPS,True,37.42718,28.23094,-24.571020311976476
sodium__if_ec_mc_bo,Sodium + ImmediatelyFast + EntityCulling + MoreCulling + BadOptimizations,immediatelyfast + entityculling + moreculling + badoptimizations,renderer_fps,FPS,True,14.634485,14.05113,-3.986166920120515
sodium__if_ec_mc_bo,Sodium + ImmediatelyFast + EntityCulling + MoreCulling + BadOptimizations,immediatelyfast + entityculling + moreculling + badoptimizations,particle,FPS,True,33.39928,31.38768,-6.022884325650124
sodium__if_ec_mc_bo,Sodium + ImmediatelyFast + EntityCulling + MoreCulling + BadOptimizations,immediatelyfast + entityculling + moreculling + badoptimizations,block_entity,FPS,True,24.0495,23.91258,-0.5693257656084305
sodium__if_ec_mc_bo,Sodium + ImmediatelyFast + EntityCulling + MoreCulling + BadOptimizations,immediatelyfast + entityculling + moreculling + badoptimizations,chunk_generation,FPS,True,20.65853,19.8524,-3.902165352520237
sodium__if_ec_mc_bo,Sodium + ImmediatelyFast + EntityCulling + MoreCulling + BadOptimizations,immediatelyfast + entityculling + moreculling + badoptimizations,lighting,FPS,True,38.89186,30.27272,-22.161809694882173
sodium__if_ec_mc_bo,Sodium + ImmediatelyFast + EntityCulling + MoreCulling + BadOptimizations,immediatelyfast + entityculling + moreculling + badoptimizations,memory,MB,False,1884.625,1915.379,1.6318365722623795
sodium__if_ec_mc_bo,Sodium + ImmediatelyFast + EntityCulling + MoreCulling + BadOptimizations,immediatelyfast + entityculling + moreculling + badoptimizations,network,FPS,True,38.45615,33.1844,-13.708470556725006
sodium__li_fc_bo_bbe,Sodium + Lithium + FerriteCore + BadOptimizations + Better Block Entities,lithium + ferrite-core + badoptimizations + better-block-entities,renderer_fps,FPS,True,18.99204,14.953105,-21.266462159936474
sodium__li_fc_bo_bbe,Sodium + Lithium + FerriteCore + BadOptimizations + Better Block Entities,lithium + ferrite-core + badoptimizations + better-block-entities,particle,FPS,True,39.5632,30.30158,-23.40968374651191
sodium__li_fc_bo_bbe,Sodium + Lithium + FerriteCore + BadOptimizations + Better Block Entities,lithium + ferrite-core + badoptimizations + better-block-entities,block_entity,FPS,True,29.96982,25.86031,-13.712161100734011
sodium__li_fc_bo_bbe,Sodium + Lithium + FerriteCore + BadOptimizations + Better Block Entities,lithium + ferrite-core + badoptimizations + better-block-entities,chunk_generation,FPS,True,26.67545,22.31512,-16.345853584475613
sodium__li_fc_bo_bbe,Sodium + Lithium + FerriteCore + BadOptimizations + Better Block Entities,lithium + ferrite-core + badoptimizations + better-block-entities,lighting,FPS,True,38.11363,36.23306,-4.934114121378618
sodium__li_fc_bo_bbe,Sodium + Lithium + FerriteCore + BadOptimizations + Better Block Entities,lithium + ferrite-core + badoptimizations + better-block-entities,memory,MB,False,1765.152,1855.23,5.103129928754013
sodium__li_fc_bo_bbe,Sodium + Lithium + FerriteCore + BadOptimizations + Better Block Entities,lithium + ferrite-core + badoptimizations + better-block-entities,network,FPS,True,36.96469,31.41644,-15.009594291200589
sodium__if_ec_mc_li_bo_bbe,Sodium + ImmediatelyFast + EntityCulling + MoreCulling + Lithium + BadOptimizations + Better Block Entities,immediatelyfast + entityculling + moreculling + lithium + badoptimizations + better-block-entities,renderer_fps,FPS,True,16.676285,15.90307,-4.636614209939449
sodium__if_ec_mc_li_bo_bbe,Sodium + ImmediatelyFast + EntityCulling + MoreCulling + Lithium + BadOptimizations + Better Block Entities,immediatelyfast + entityculling + moreculling + lithium + badoptimizations + better-block-entities,particle,FPS,True,37.83626,31.74104,-16.109467479079598
sodium__if_ec_mc_li_bo_bbe,Sodium + ImmediatelyFast + EntityCulling + MoreCulling + Lithium + BadOptimizations + Better Block Entities,immediatelyfast + entityculling + moreculling + lithium + badoptimizations + better-block-entities,block_entity,FPS,True,28.71127,28.32315,-1.35180366455403
sodium__if_ec_mc_li_bo_bbe,Sodium + ImmediatelyFast + EntityCulling + MoreCulling + Lithium + BadOptimizations + Better Block Entities,immediatelyfast + entityculling + moreculling + lithium + badoptimizations + better-block-entities,chunk_generation,FPS,True,23.87643,23.26071,-2.578777480552996
sodium__if_ec_mc_li_bo_bbe,Sodium + ImmediatelyFast + EntityCulling + MoreCulling + Lithium + BadOptimizations + Better Block Entities,immediatelyfast + entityculling + moreculling + lithium + badoptimizations + better-block-entities,lighting,FPS,True,43.24538,35.97281,-16.816987155622165
sodium__if_ec_mc_li_bo_bbe,Sodium + ImmediatelyFast + EntityCulling + MoreCulling + Lithium + BadOptimizations + Better Block Entities,immediatelyfast + entityculling + moreculling + lithium + badoptimizations + better-block-entities,memory,MB,False,1839.906,2011.348,9.317976027036167
sodium__if_ec_mc_li_bo_bbe,Sodium + ImmediatelyFast + EntityCulling + MoreCulling + Lithium + BadOptimizations + Better Block Entities,immediatelyfast + entityculling + moreculling + lithium + badoptimizations + better-block-entities,network,FPS,True,35.72016,31.51512,-11.772175712538802
sodium__c2me_bo,Sodium + C2ME + BadOptimizations,c2me-fabric + badoptimizations,renderer_fps,FPS,True,12.39649,12.031675,-2.942889479199351
sodium__c2me_bo,Sodium + C2ME + BadOptimizations,c2me-fabric + badoptimizations,particle,FPS,True,23.92036,23.68098,-1.000737447095268
sodium__c2me_bo,Sodium + C2ME + BadOptimizations,c2me-fabric + badoptimizations,block_entity,FPS,True,19.23568,15.95175,-17.072076474551444
sodium__c2me_bo,Sodium + C2ME + BadOptimizations,c2me-fabric + badoptimizations,chunk_generation,FPS,True,26.97878,22.1939,-17.73571673737656
sodium__c2me_bo,Sodium + C2ME + BadOptimizations,c2me-fabric + badoptimizations,lighting,FPS,True,28.9024,17.83765,-38.28315295615589
sodium__c2me_bo,Sodium + C2ME + BadOptimizations,c2me-fabric + badoptimizations,memory,MB,False,2042.457,2179.723,6.7206310830533855
sodium__c2me_bo,Sodium + C2ME + BadOptimizations,c2me-fabric + badoptimizations,network,FPS,True,34.55944,25.85904,-25.175176449618398
sodium__if_ec_li_fc,Sodium + ImmediatelyFast + EntityCulling + Lithium + FerriteCore,immediatelyfast + entityculling + lithium + ferrite-core,renderer_fps,FPS,True,18.70064,16.31841,-12.738761881946282
sodium__if_ec_li_fc,Sodium + ImmediatelyFast + EntityCulling + Lithium + FerriteCore,immediatelyfast + entityculling + lithium + ferrite-core,particle,FPS,True,39.12566,28.46663,-27.243067592981184
sodium__if_ec_li_fc,Sodium + ImmediatelyFast + EntityCulling + Lithium + FerriteCore,immediatelyfast + entityculling + lithium + ferrite-core,block_entity,FPS,True,30.90304,28.27952,-8.489520772066438
sodium__if_ec_li_fc,Sodium + ImmediatelyFast + EntityCulling + Lithium + FerriteCore,immediatelyfast + entityculling + lithium + ferrite-core,chunk_generation,FPS,True,27.34799,22.12138,-19.111495945405863
sodium__if_ec_li_fc,Sodium + ImmediatelyFast + EntityCulling + Lithium + FerriteCore,immediatelyfast + entityculling + lithium + ferrite-core,lighting,FPS,True,43.10633,34.54021,-19.872069832899243
sodium__if_ec_li_fc,Sodium + ImmediatelyFast + EntityCulling + Lithium + FerriteCore,immediatelyfast + entityculling + lithium + ferrite-core,memory,MB,False,1877.523,1871.707,-0.309769840369456
sodium__if_ec_li_fc,Sodium + ImmediatelyFast + EntityCulling + Lithium + FerriteCore,immediatelyfast + entityculling + lithium + ferrite-core,network,FPS,True,41.75576,38.72527,-7.257657386669525
sodium__fc_c2me_bo_bbe,Sodium + FerriteCore + C2ME + BadOptimizations + Better Block Entities,ferrite-core + c2me-fabric + badoptimizations + better-block-entities,renderer_fps,FPS,True,13.443365,13.175180000000001,-1.994924633824935
sodium__fc_c2me_bo_bbe,Sodium + FerriteCore + C2ME + BadOptimizations + Better Block Entities,ferrite-core + c2me-fabric + badoptimizations + better-block-entities,particle,FPS,True,20.81408,25.68646,23.40905771477768
sodium__fc_c2me_bo_bbe,Sodium + FerriteCore + C2ME + BadOptimizations + Better Block Entities,ferrite-core + c2me-fabric + badoptimizations + better-block-entities,block_entity,FPS,True,18.00579,16.66816,-7.428888152088864
sodium__fc_c2me_bo_bbe,Sodium + FerriteCore + C2ME + BadOptimizations + Better Block Entities,ferrite-core + c2me-fabric + badoptimizations + better-block-entities,chunk_generation,FPS,True,22.26464,23.96608,7.641893154346979
sodium__fc_c2me_bo_bbe,Sodium + FerriteCore + C2ME + BadOptimizations + Better Block Entities,ferrite-core + c2me-fabric + badoptimizations + better-block-entities,lighting,FPS,True,22.95233,23.86282,3.9668739513591733
sodium__fc_c2me_bo_bbe,Sodium + FerriteCore + C2ME + BadOptimizations + Better Block Entities,ferrite-core + c2me-fabric + badoptimizations + better-block-entities,memory,MB,False,1933.066,2224.852,15.094466510714067
sodium__fc_c2me_bo_bbe,Sodium + FerriteCore + C2ME + BadOptimizations + Better Block Entities,ferrite-core + c2me-fabric + badoptimizations + better-block-entities,network,FPS,True,27.74663,30.59622,10.270040001254198
sodium__if_ec_mc_fc_c2me_bbe,Sodium + ImmediatelyFast + EntityCulling + MoreCulling + FerriteCore + C2ME + Better Block Entities,immediatelyfast + entityculling + moreculling + ferrite-core + c2me-fabric + better-block-entities,renderer_fps,FPS,True,13.527815,9.722525000000001,-28.129376399662466
sodium__if_ec_mc_fc_c2me_bbe,Sodium + ImmediatelyFast + EntityCulling + MoreCulling + FerriteCore + C2ME + Better Block Entities,immediatelyfast + entityculling + moreculling + ferrite-core + c2me-fabric + better-block-entities,particle,FPS,True,20.14506,18.68001,-7.272502539084035
sodium__if_ec_mc_fc_c2me_bbe,Sodium + ImmediatelyFast + EntityCulling + MoreCulling + FerriteCore + C2ME + Better Block Entities,immediatelyfast + entityculling + moreculling + ferrite-core + c2me-fabric + better-block-entities,block_entity,FPS,True,20.17349,16.78719,-16.78589079033921
sodium__if_ec_mc_fc_c2me_bbe,Sodium + ImmediatelyFast + EntityCulling + MoreCulling + FerriteCore + C2ME + Better Block Entities,immediatelyfast + entityculling + moreculling + ferrite-core + c2me-fabric + better-block-entities,chunk_generation,FPS,True,24.03093,21.43798,-10.790052652976811
sodium__if_ec_mc_fc_c2me_bbe,Sodium + ImmediatelyFast + EntityCulling + MoreCulling + FerriteCore + C2ME + Better Block Entities,immediatelyfast + entityculling + moreculling + ferrite-core + c2me-fabric + better-block-entities,lighting,FPS,True,18.8977,18.50147,-2.096710181662309
sodium__if_ec_mc_fc_c2me_bbe,Sodium + ImmediatelyFast + EntityCulling + MoreCulling + FerriteCore + C2ME + Better Block Entities,immediatelyfast + entityculling + moreculling + ferrite-core + c2me-fabric + better-block-entities,memory,MB,False,2048.328,2099.25,2.4860276283876326
sodium__if_ec_mc_fc_c2me_bbe,Sodium + ImmediatelyFast + EntityCulling + MoreCulling + FerriteCore + C2ME + Better Block Entities,immediatelyfast + entityculling + moreculling + ferrite-core + c2me-fabric + better-block-entities,network,FPS,True,22.70263,28.72558,26.52974567263793
sodium__c2me_bbe,Sodium + C2ME + Better Block Entities,c2me-fabric + better-block-entities,renderer_fps,FPS,True,11.90961,8.828135,-25.873853132050506
sodium__c2me_bbe,Sodium + C2ME + Better Block Entities,c2me-fabric + better-block-entities,particle,FPS,True,18.25713,19.61212,7.421703192122764
sodium__c2me_bbe,Sodium + C2ME + Better Block Entities,c2me-fabric + better-block-entities,block_entity,FPS,True,16.07843,14.17551,-11.835235156666425
sodium__c2me_bbe,Sodium + C2ME + Better Block Entities,c2me-fabric + better-block-entities,chunk_generation,FPS,True,25.23025,25.77767,2.169697089802902
sodium__c2me_bbe,Sodium + C2ME + Better Block Entities,c2me-fabric + better-block-entities,lighting,FPS,True,18.50956,21.6404,16.91471866430103
sodium__c2me_bbe,Sodium + C2ME + Better Block Entities,c2me-fabric + better-block-entities,memory,MB,False,2077.223,2188.719,5.367550811829069
sodium__c2me_bbe,Sodium + C2ME + Better Block Entities,c2me-fabric + better-block-entities,network,FPS,True,24.48861,20.09556,-17.939156203639172
sodium__if_ec_li_c2me,Sodium + ImmediatelyFast + EntityCulling + Lithium + C2ME,immediatelyfast + entityculling + lithium + c2me-fabric,renderer_fps,FPS,True,13.882625,11.23666,-19.05954385427828
sodium__if_ec_li_c2me,Sodium + ImmediatelyFast + EntityCulling + Lithium + C2ME,immediatelyfast + entityculling + lithium + c2me-fabric,particle,FPS,True,21.76418,26.45355,21.546274658636342
sodium__if_ec_li_c2me,Sodium + ImmediatelyFast + EntityCulling + Lithium + C2ME,immediatelyfast + entityculling + lithium + c2me-fabric,block_entity,FPS,True,20.08446,18.37644,-8.504186819063097
sodium__if_ec_li_c2me,Sodium + ImmediatelyFast + EntityCulling + Lithium + C2ME,immediatelyfast + entityculling + lithium + c2me-fabric,chunk_generation,FPS,True,22.43723,23.20018,3.4003751800021575
sodium__if_ec_li_c2me,Sodium + ImmediatelyFast + EntityCulling + Lithium + C2ME,immediatelyfast + entityculling + lithium + c2me-fabric,lighting,FPS,True,25.27633,22.17499,-12.269740108631277
sodium__if_ec_li_c2me,Sodium + ImmediatelyFast + EntityCulling + Lithium + C2ME,immediatelyfast + entityculling + lithium + c2me-fabric,memory,MB,False,2289.141,2270.25,-0.8252440544291528
sodium__if_ec_li_c2me,Sodium + ImmediatelyFast + EntityCulling + Lithium + C2ME,immediatelyfast + entityculling + lithium + c2me-fabric,network,FPS,True,32.90906,28.56486,-13.20062013317912
sodium__if_ec_mc_li_fc,Sodium + ImmediatelyFast + EntityCulling + MoreCulling + Lithium + FerriteCore,immediatelyfast + entityculling + moreculling + lithium + ferrite-core,renderer_fps,FPS,True,15.263365,14.439264999999999,-5.399202600475073
sodium__if_ec_mc_li_fc,Sodium + ImmediatelyFast + EntityCulling + MoreCulling + Lithium + FerriteCore,immediatelyfast + entityculling + moreculling + lithium + ferrite-core,particle,FPS,True,34.48513,29.80469,-13.572342629997324
sodium__if_ec_mc_li_fc,Sodium + ImmediatelyFast + EntityCulling + MoreCulling + Lithium + FerriteCore,immediatelyfast + entityculling + moreculling + lithium + ferrite-core,block_entity,FPS,True,22.9605,22.77527,-0.8067333028461965
sodium__if_ec_mc_li_fc,Sodium + ImmediatelyFast + EntityCulling + MoreCulling + Lithium + FerriteCore,immediatelyfast + entityculling + moreculling + lithium + ferrite-core,chunk_generation,FPS,True,25.43296,25.34998,-0.32626953370745726
sodium__if_ec_mc_li_fc,Sodium + ImmediatelyFast + EntityCulling + MoreCulling + Lithium + FerriteCore,immediatelyfast + entityculling + moreculling + lithium + ferrite-core,lighting,FPS,True,38.0359,31.34761,-17.584150762831953
sodium__if_ec_mc_li_fc,Sodium + ImmediatelyFast + EntityCulling + MoreCulling + Lithium + FerriteCore,immediatelyfast + entityculling + moreculling + lithium + ferrite-core,memory,MB,False,1816.051,1845.02,1.5951644529806686
sodium__if_ec_mc_li_fc,Sodium + ImmediatelyFast + EntityCulling + MoreCulling + Lithium + FerriteCore,immediatelyfast + entityculling + moreculling + lithium + ferrite-core,network,FPS,True,37.80261,38.95197,3.0404249865287225
sodium__if_ec_mc_fc_bo_bbe,Sodium + ImmediatelyFast + EntityCulling + MoreCulling + FerriteCore + BadOptimizations + Better Block Entities,immediatelyfast + entityculling + moreculling + ferrite-core + badoptimizations + better-block-entities,renderer_fps,FPS,True,14.296465000000001,14.463265,1.1667219833713993
sodium__if_ec_mc_fc_bo_bbe,Sodium + ImmediatelyFast + EntityCulling + MoreCulling + FerriteCore + BadOptimizations + Better Block Entities,immediatelyfast + entityculling + moreculling + ferrite-core + badoptimizations + better-block-entities,particle,FPS,True,28.4803,31.95942,12.21588255741688
sodium__if_ec_mc_fc_bo_bbe,Sodium + ImmediatelyFast + EntityCulling + MoreCulling + FerriteCore + BadOptimizations + Better Block Entities,immediatelyfast + entityculling + moreculling + ferrite-core + badoptimizations + better-block-entities,block_entity,FPS,True,22.52982,27.13534,20.44188546557406
sodium__if_ec_mc_fc_bo_bbe,Sodium + ImmediatelyFast + EntityCulling + MoreCulling + FerriteCore + BadOptimizations + Better Block Entities,immediatelyfast + entityculling + moreculling + ferrite-core + badoptimizations + better-block-entities,chunk_generation,FPS,True,20.89591,20.07025,-3.9512995605360035
sodium__if_ec_mc_fc_bo_bbe,Sodium + ImmediatelyFast + EntityCulling + MoreCulling + FerriteCore + BadOptimizations + Better Block Entities,immediatelyfast + entityculling + moreculling + ferrite-core + badoptimizations + better-block-entities,lighting,FPS,True,43.569,37.9315,-12.939245794027865
sodium__if_ec_mc_fc_bo_bbe,Sodium + ImmediatelyFast + EntityCulling + MoreCulling + FerriteCore + BadOptimizations + Better Block Entities,immediatelyfast + entityculling + moreculling + ferrite-core + badoptimizations + better-block-entities,memory,MB,False,2282.508,2203.426,-3.4646976045648037
sodium__if_ec_mc_fc_bo_bbe,Sodium + ImmediatelyFast + EntityCulling + MoreCulling + FerriteCore + BadOptimizations + Better Block Entities,immediatelyfast + entityculling + moreculling + ferrite-core + badoptimizations + better-block-entities,network,FPS,True,40.05252,33.93622,-15.270699571462675
sodium__if_ec_mc,Sodium + ImmediatelyFast + EntityCulling + MoreCulling,immediatelyfast + entityculling + moreculling,renderer_fps,FPS,True,12.111799999999999,11.939815,-1.4199788635875676
sodium__if_ec_mc,Sodium + ImmediatelyFast + EntityCulling + MoreCulling,immediatelyfast + entityculling + moreculling,particle,FPS,True,27.29535,25.67359,-5.941524838479806
sodium__if_ec_mc,Sodium + ImmediatelyFast + EntityCulling + MoreCulling,immediatelyfast + entityculling + moreculling,block_entity,FPS,True,21.25435,20.0692,-5.576035023418735
sodium__if_ec_mc,Sodium + ImmediatelyFast + EntityCulling + MoreCulling,immediatelyfast + entityculling + moreculling,chunk_generation,FPS,True,23.25398,18.64765,-19.808781120479157
sodium__if_ec_mc,Sodium + ImmediatelyFast + EntityCulling + MoreCulling,immediatelyfast + entityculling + moreculling,lighting,FPS,True,33.14675,32.50809,-1.9267650674651193
sodium__if_ec_mc,Sodium + ImmediatelyFast + EntityCulling + MoreCulling,immediatelyfast + entityculling + moreculling,memory,MB,False,1896.215,2173.766,14.637106024369606
sodium__if_ec_mc,Sodium + ImmediatelyFast + EntityCulling + MoreCulling,immediatelyfast + entityculling + moreculling,network,FPS,True,39.41441,36.19514,-8.167748800502139
sodium__if_ec_li_bbe,Sodium + ImmediatelyFast + EntityCulling + Lithium + Better Block Entities,immediatelyfast + entityculling + lithium + better-block-entities,renderer_fps,FPS,True,15.31146,14.294345,-6.64283484396655
sodium__if_ec_li_bbe,Sodium + ImmediatelyFast + EntityCulling + Lithium + Better Block Entities,immediatelyfast + entityculling + lithium + better-block-entities,particle,FPS,True,28.6714,32.91214,14.7908368618205
sodium__if_ec_li_bbe,Sodium + ImmediatelyFast + EntityCulling + Lithium + Better Block Entities,immediatelyfast + entityculling + lithium + better-block-entities,block_entity,FPS,True,29.90837,23.54191,-21.286549551179146
sodium__if_ec_li_bbe,Sodium + ImmediatelyFast + EntityCulling + Lithium + Better Block Entities,immediatelyfast + entityculling + lithium + better-block-entities,chunk_generation,FPS,True,22.25986,21.98159,-1.2500977095094012
sodium__if_ec_li_bbe,Sodium + ImmediatelyFast + EntityCulling + Lithium + Better Block Entities,immediatelyfast + entityculling + lithium + better-block-entities,lighting,FPS,True,40.74809,32.78501,-19.5422165799673
sodium__if_ec_li_bbe,Sodium + ImmediatelyFast + EntityCulling + Lithium + Better Block Entities,immediatelyfast + entityculling + lithium + better-block-entities,memory,MB,False,1800.984,1867.223,3.677933840611569
sodium__if_ec_li_bbe,Sodium + ImmediatelyFast + EntityCulling + Lithium + Better Block Entities,immediatelyfast + entityculling + lithium + better-block-entities,network,FPS,True,40.55561,35.46939,-12.541347547232073
sodium__if_ec_mc_li_bo,Sodium + ImmediatelyFast + EntityCulling + MoreCulling + Lithium + BadOptimizations,immediatelyfast + entityculling + moreculling + lithium + badoptimizations,renderer_fps,FPS,True,16.203755,15.666285,-3.3169472137785427
sodium__if_ec_mc_li_bo,Sodium + ImmediatelyFast + EntityCulling + MoreCulling + Lithium + BadOptimizations,immediatelyfast + entityculling + moreculling + lithium + badoptimizations,particle,FPS,True,34.54033,32.91993,-4.691327500345244
sodium__if_ec_mc_li_bo,Sodium + ImmediatelyFast + EntityCulling + MoreCulling + Lithium + BadOptimizations,immediatelyfast + entityculling + moreculling + lithium + badoptimizations,block_entity,FPS,True,29.70899,28.80752,-3.0343340517466233
sodium__if_ec_mc_li_bo,Sodium + ImmediatelyFast + EntityCulling + MoreCulling + Lithium + BadOptimizations,immediatelyfast + entityculling + moreculling + lithium + badoptimizations,chunk_generation,FPS,True,22.10291,27.45201,24.200885765720436
sodium__if_ec_mc_li_bo,Sodium + ImmediatelyFast + EntityCulling + MoreCulling + Lithium + BadOptimizations,immediatelyfast + entityculling + moreculling + lithium + badoptimizations,lighting,FPS,True,43.74602,36.17363,-17.309894705849803
sodium__if_ec_mc_li_bo,Sodium + ImmediatelyFast + EntityCulling + MoreCulling + Lithium + BadOptimizations,immediatelyfast + entityculling + moreculling + lithium + badoptimizations,memory,MB,False,1857.5,1884.324,1.4440915208613792
sodium__if_ec_mc_li_bo,Sodium + ImmediatelyFast + EntityCulling + MoreCulling + Lithium + BadOptimizations,immediatelyfast + entityculling + moreculling + lithium + badoptimizations,network,FPS,True,37.63188,36.10255,-4.0639213347831715
sodium__if_ec_li_fc_c2me_bo,Sodium + ImmediatelyFast + EntityCulling + Lithium + FerriteCore + C2ME + BadOptimizations,immediatelyfast + entityculling + lithium + ferrite-core + c2me-fabric + badoptimizations,renderer_fps,FPS,True,13.370225000000001,12.56621,-6.0134739692114465
sodium__if_ec_li_fc_c2me_bo,Sodium + ImmediatelyFast + EntityCulling + Lithium + FerriteCore + C2ME + BadOptimizations,immediatelyfast + entityculling + lithium + ferrite-core + c2me-fabric + badoptimizations,particle,FPS,True,23.27774,21.07621,-9.457662126993437
sodium__if_ec_li_fc_c2me_bo,Sodium + ImmediatelyFast + EntityCulling + Lithium + FerriteCore + C2ME + BadOptimizations,immediatelyfast + entityculling + lithium + ferrite-core + c2me-fabric + badoptimizations,block_entity,FPS,True,18.48685,18.05106,-2.3572972139656034
sodium__if_ec_li_fc_c2me_bo,Sodium + ImmediatelyFast + EntityCulling + Lithium + FerriteCore + C2ME + BadOptimizations,immediatelyfast + entityculling + lithium + ferrite-core + c2me-fabric + badoptimizations,chunk_generation,FPS,True,21.73014,23.56475,8.442697562003755
sodium__if_ec_li_fc_c2me_bo,Sodium + ImmediatelyFast + EntityCulling + Lithium + FerriteCore + C2ME + BadOptimizations,immediatelyfast + entityculling + lithium + ferrite-core + c2me-fabric + badoptimizations,lighting,FPS,True,23.46765,23.74966,1.2016968038981224
sodium__if_ec_li_fc_c2me_bo,Sodium + ImmediatelyFast + EntityCulling + Lithium + FerriteCore + C2ME + BadOptimizations,immediatelyfast + entityculling + lithium + ferrite-core + c2me-fabric + badoptimizations,memory,MB,False,2021.312,2184.992,8.097710793781477
sodium__if_ec_li_fc_c2me_bo,Sodium + ImmediatelyFast + EntityCulling + Lithium + FerriteCore + C2ME + BadOptimizations,immediatelyfast + entityculling + lithium + ferrite-core + c2me-fabric + badoptimizations,network,FPS,True,27.75523,25.19104,-9.2385831427086
sodium__if_ec_li,Sodium + ImmediatelyFast + EntityCulling + Lithium,immediatelyfast + entityculling + lithium,renderer_fps,FPS,True,13.481995000000001,13.48195,-0.00033377849496529777
sodium__if_ec_li,Sodium + ImmediatelyFast + EntityCulling + Lithium,immediatelyfast + entityculling + lithium,particle,FPS,True,33.71595,32.62087,-3.2479583105325616
sodium__if_ec_li,Sodium + ImmediatelyFast + EntityCulling + Lithium,immediatelyfast + entityculling + lithium,block_entity,FPS,True,26.92819,22.86571,-15.08634631588681
sodium__if_ec_li,Sodium + ImmediatelyFast + EntityCulling + Lithium,immediatelyfast + entityculling + lithium,chunk_generation,FPS,True,23.02053,22.41121,-2.6468547857064983
sodium__if_ec_li,Sodium + ImmediatelyFast + EntityCulling + Lithium,immediatelyfast + entityculling + lithium,lighting,FPS,True,37.88776,32.8219,-13.370703361718927
sodium__if_ec_li,Sodium + ImmediatelyFast + EntityCulling + Lithium,immediatelyfast + entityculling + lithium,memory,MB,False,1912.113,1872.117,-2.0917173828115865
sodium__if_ec_li,Sodium + ImmediatelyFast + EntityCulling + Lithium,immediatelyfast + entityculling + lithium,network,FPS,True,39.93744,33.95003,-14.991972444903833
sodium__if_ec_fc_c2me,Sodium + ImmediatelyFast + EntityCulling + FerriteCore + C2ME,immediatelyfast + entityculling + ferrite-core + c2me-fabric,renderer_fps,FPS,True,12.103345000000001,11.229585,-7.219161314496125
sodium__if_ec_fc_c2me,Sodium + ImmediatelyFast + EntityCulling + FerriteCore + C2ME,immediatelyfast + entityculling + ferrite-core + c2me-fabric,particle,FPS,True,18.5856,18.79615,1.132866305096436
sodium__if_ec_fc_c2me,Sodium + ImmediatelyFast + EntityCulling + FerriteCore + C2ME,immediatelyfast + entityculling + ferrite-core + c2me-fabric,block_entity,FPS,True,13.8855,15.83931,14.070865291131017
sodium__if_ec_fc_c2me,Sodium + ImmediatelyFast + EntityCulling + FerriteCore + C2ME,immediatelyfast + entityculling + ferrite-core + c2me-fabric,chunk_generation,FPS,True,25.99315,25.18529,-3.107972677416937
sodium__if_ec_fc_c2me,Sodium + ImmediatelyFast + EntityCulling + FerriteCore + C2ME,immediatelyfast + entityculling + ferrite-core + c2me-fabric,lighting,FPS,True,16.85449,18.37454,9.018665056017717
sodium__if_ec_fc_c2me,Sodium + ImmediatelyFast + EntityCulling + FerriteCore + C2ME,immediatelyfast + entityculling + ferrite-core + c2me-fabric,memory,MB,False,1819.094,2287.125,25.728796862614022
sodium__if_ec_fc_c2me,Sodium + ImmediatelyFast + EntityCulling + FerriteCore + C2ME,immediatelyfast + entityculling + ferrite-core + c2me-fabric,network,FPS,True,23.00513,25.76939,12.015841684007
sodium__if_ec_mc_li_bbe,Sodium + ImmediatelyFast + EntityCulling + MoreCulling + Lithium + Better Block Entities,immediatelyfast + entityculling + moreculling + lithium + better-block-entities,renderer_fps,FPS,True,13.708085,13.422229999999999,-2.085302213985407
sodium__if_ec_mc_li_bbe,Sodium + ImmediatelyFast + EntityCulling + MoreCulling + Lithium + Better Block Entities,immediatelyfast + entityculling + moreculling + lithium + better-block-entities,particle,FPS,True,31.75099,33.61575,5.873076713513492
sodium__if_ec_mc_li_bbe,Sodium + ImmediatelyFast + EntityCulling + MoreCulling + Lithium + Better Block Entities,immediatelyfast + entityculling + moreculling + lithium + better-block-entities,block_entity,FPS,True,19.27512,22.88222,18.713761574506393
sodium__if_ec_mc_li_bbe,Sodium + ImmediatelyFast + EntityCulling + MoreCulling + Lithium + Better Block Entities,immediatelyfast + entityculling + moreculling + lithium + better-block-entities,chunk_generation,FPS,True,21.64715,23.70073,9.486606781955121
sodium__if_ec_mc_li_bbe,Sodium + ImmediatelyFast + EntityCulling + MoreCulling + Lithium + Better Block Entities,immediatelyfast + entityculling + moreculling + lithium + better-block-entities,lighting,FPS,True,28.67752,36.84748,28.489074369052815
sodium__if_ec_mc_li_bbe,Sodium + ImmediatelyFast + EntityCulling + MoreCulling + Lithium + Better Block Entities,immediatelyfast + entityculling + moreculling + lithium + better-block-entities,memory,MB,False,1784.531,1901.598,6.5600989839907475
sodium__if_ec_mc_li_bbe,Sodium + ImmediatelyFast + EntityCulling + MoreCulling + Lithium + Better Block Entities,immediatelyfast + entityculling + moreculling + lithium + better-block-entities,network,FPS,True,36.65484,32.54658,-11.207960531269546
sodium__if_ec_li_fc_c2me_bbe,Sodium + ImmediatelyFast + EntityCulling + Lithium + FerriteCore + C2ME + Better Block Entities,immediatelyfast + entityculling + lithium + ferrite-core + c2me-fabric + better-block-entities,renderer_fps,FPS,True,11.836105,10.605005,-10.401225741069375
sodium__if_ec_li_fc_c2me_bbe,Sodium + ImmediatelyFast + EntityCulling + Lithium + FerriteCore + C2ME + Better Block Entities,immediatelyfast + entityculling + lithium + ferrite-core + c2me-fabric + better-block-entities,particle,FPS,True,22.39894,21.14283,-5.607899302377706
sodium__if_ec_li_fc_c2me_bbe,Sodium + ImmediatelyFast + EntityCulling + Lithium + FerriteCore + C2ME + Better Block Entities,immediatelyfast + entityculling + lithium + ferrite-core + c2me-fabric + better-block-entities,block_entity,FPS,True,19.13202,15.33715,-19.835176839664616
sodium__if_ec_li_fc_c2me_bbe,Sodium + ImmediatelyFast + EntityCulling + Lithium + FerriteCore + C2ME + Better Block Entities,immediatelyfast + entityculling + lithium + ferrite-core + c2me-fabric + better-block-entities,chunk_generation,FPS,True,23.67333,18.96608,-19.884190352603536
sodium__if_ec_li_fc_c2me_bbe,Sodium + ImmediatelyFast + EntityCulling + Lithium + FerriteCore + C2ME + Better Block Entities,immediatelyfast + entityculling + lithium + ferrite-core + c2me-fabric + better-block-entities,lighting,FPS,True,22.76344,18.65105,-18.065766861247678
sodium__if_ec_li_fc_c2me_bbe,Sodium + ImmediatelyFast + EntityCulling + Lithium + FerriteCore + C2ME + Better Block Entities,immediatelyfast + entityculling + lithium + ferrite-core + c2me-fabric + better-block-entities,memory,MB,False,1942.723,1934.734,-0.4112269222117604
sodium__if_ec_li_fc_c2me_bbe,Sodium + ImmediatelyFast + EntityCulling + Lithium + FerriteCore + C2ME + Better Block Entities,immediatelyfast + entityculling + lithium + ferrite-core + c2me-fabric + better-block-entities,network,FPS,True,24.11926,24.80424,2.8399710438877346
sodium__li,Sodium + Lithium,lithium,renderer_fps,FPS,True,13.999485,14.271825,1.9453572756426452
sodium__li,Sodium + Lithium,lithium,particle,FPS,True,36.68137,29.82674,-18.68695198679875
sodium__li,Sodium + Lithium,lithium,block_entity,FPS,True,21.04058,24.3852,15.89604469078325
sodium__li,Sodium + Lithium,lithium,chunk_generation,FPS,True,24.06401,20.7255,-13.873456668277651
sodium__li,Sodium + Lithium,lithium,lighting,FPS,True,38.02559,31.23261,-17.864233007298502
sodium__li,Sodium + Lithium,lithium,memory,MB,False,1781.828,1809.027,1.5264660786562967
sodium__li,Sodium + Lithium,lithium,network,FPS,True,41.11622,36.67908,-10.791702155499705
sodium__ec_fc_bo,Sodium + EntityCulling + FerriteCore + BadOptimizations,entityculling + ferrite-core + badoptimizations,renderer_fps,FPS,True,17.035485,14.339675,-15.824674202114009
sodium__ec_fc_bo,Sodium + EntityCulling + FerriteCore + BadOptimizations,entityculling + ferrite-core + badoptimizations,particle,FPS,True,34.75854,32.67918,-5.982299601766938
sodium__ec_fc_bo,Sodium + EntityCulling + FerriteCore + BadOptimizations,entityculling + ferrite-core + badoptimizations,block_entity,FPS,True,25.37252,27.1172,6.876258251052714
sodium__ec_fc_bo,Sodium + EntityCulling + FerriteCore + BadOptimizations,entityculling + ferrite-core + badoptimizations,chunk_generation,FPS,True,21.32169,18.29565,-14.192308395816667
sodium__ec_fc_bo,Sodium + EntityCulling + FerriteCore + BadOptimizations,entityculling + ferrite-core + badoptimizations,lighting,FPS,True,34.39851,31.31593,-8.961376524739006
sodium__ec_fc_bo,Sodium + EntityCulling + FerriteCore + BadOptimizations,entityculling + ferrite-core + badoptimizations,memory,MB,False,2077.621,2136.863,2.8514344050238005
sodium__ec_fc_bo,Sodium + EntityCulling + FerriteCore + BadOptimizations,entityculling + ferrite-core + badoptimizations,network,FPS,True,45.27844,34.96244,-22.783470455254207
sodium__ec_mc_fc_c2me,Sodium + EntityCulling + MoreCulling + FerriteCore + C2ME,entityculling + moreculling + ferrite-core + c2me-fabric,renderer_fps,FPS,True,12.27299,9.896875000000001,-19.360522578442573
sodium__ec_mc_fc_c2me,Sodium + EntityCulling + MoreCulling + FerriteCore + C2ME,entityculling + moreculling + ferrite-core + c2me-fabric,particle,FPS,True,18.5178,17.66085,-4.6277095551307434
sodium__ec_mc_fc_c2me,Sodium + EntityCulling + MoreCulling + FerriteCore + C2ME,entityculling + moreculling + ferrite-core + c2me-fabric,block_entity,FPS,True,15.26709,13.81773,-9.493361210289585
sodium__ec_mc_fc_c2me,Sodium + EntityCulling + MoreCulling + FerriteCore + C2ME,entityculling + moreculling + ferrite-core + c2me-fabric,chunk_generation,FPS,True,23.86572,23.76135,-0.43732181555804495
sodium__ec_mc_fc_c2me,Sodium + EntityCulling + MoreCulling + FerriteCore + C2ME,entityculling + moreculling + ferrite-core + c2me-fabric,lighting,FPS,True,18.45222,17.97083,-2.6088459816759224
sodium__ec_mc_fc_c2me,Sodium + EntityCulling + MoreCulling + FerriteCore + C2ME,entityculling + moreculling + ferrite-core + c2me-fabric,memory,MB,False,2235.441,2290.824,2.477497728636102
sodium__ec_mc_fc_c2me,Sodium + EntityCulling + MoreCulling + FerriteCore + C2ME,entityculling + moreculling + ferrite-core + c2me-fabric,network,FPS,True,20.84966,19.46887,-6.622601999265221
sodium__if_li_c2me_bo_bbe,Sodium + ImmediatelyFast + Lithium + C2ME + BadOptimizations + Better Block Entities,immediatelyfast + lithium + c2me-fabric + badoptimizations + better-block-entities,renderer_fps,FPS,True,13.60497,10.62104,-21.932646672502763
sodium__if_li_c2me_bo_bbe,Sodium + ImmediatelyFast + Lithium + C2ME + BadOptimizations + Better Block Entities,immediatelyfast + lithium + c2me-fabric + badoptimizations + better-block-entities,particle,FPS,True,23.4644,19.77703,-15.714742333066267
sodium__if_li_c2me_bo_bbe,Sodium + ImmediatelyFast + Lithium + C2ME + BadOptimizations + Better Block Entities,immediatelyfast + lithium + c2me-fabric + badoptimizations + better-block-entities,block_entity,FPS,True,17.48922,16.51426,-5.574633974528309
sodium__if_li_c2me_bo_bbe,Sodium + ImmediatelyFast + Lithium + C2ME + BadOptimizations + Better Block Entities,immediatelyfast + lithium + c2me-fabric + badoptimizations + better-block-entities,chunk_generation,FPS,True,23.63479,20.07305,-15.069903307793297
sodium__if_li_c2me_bo_bbe,Sodium + ImmediatelyFast + Lithium + C2ME + BadOptimizations + Better Block Entities,immediatelyfast + lithium + c2me-fabric + badoptimizations + better-block-entities,lighting,FPS,True,23.57062,22.95081,-2.629587172505432
sodium__if_li_c2me_bo_bbe,Sodium + ImmediatelyFast + Lithium + C2ME + BadOptimizations + Better Block Entities,immediatelyfast + lithium + c2me-fabric + badoptimizations + better-block-entities,memory,MB,False,1859.504,2163.711,16.359577607792186
sodium__if_li_c2me_bo_bbe,Sodium + ImmediatelyFast + Lithium + C2ME + BadOptimizations + Better Block Entities,immediatelyfast + lithium + c2me-fabric + badoptimizations + better-block-entities,network,FPS,True,24.80196,31.49285,26.977263087272128
sodium__if_ec_c2me,Sodium + ImmediatelyFast + EntityCulling + C2ME,immediatelyfast + entityculling + c2me-fabric,renderer_fps,FPS,True,12.4047,10.423765,-15.969229404983597
sodium__if_ec_c2me,Sodium + ImmediatelyFast + EntityCulling + C2ME,immediatelyfast + entityculling + c2me-fabric,particle,FPS,True,21.28474,21.78934,2.3707125386544625
sodium__if_ec_c2me,Sodium + ImmediatelyFast + EntityCulling + C2ME,immediatelyfast + entityculling + c2me-fabric,block_entity,FPS,True,19.48366,17.59245,-9.706646492496795
sodium__if_ec_c2me,Sodium + ImmediatelyFast + EntityCulling + C2ME,immediatelyfast + entityculling + c2me-fabric,chunk_generation,FPS,True,24.57298,19.52791,-20.53096531230645
sodium__if_ec_c2me,Sodium + ImmediatelyFast + EntityCulling + C2ME,immediatelyfast + entityculling + c2me-fabric,lighting,FPS,True,22.11186,20.50575,-7.263568058046676
sodium__if_ec_c2me,Sodium + ImmediatelyFast + EntityCulling + C2ME,immediatelyfast + entityculling + c2me-fabric,memory,MB,False,2173.598,2129.711,-2.019094607190486
sodium__if_ec_c2me,Sodium + ImmediatelyFast + EntityCulling + C2ME,immediatelyfast + entityculling + c2me-fabric,network,FPS,True,26.05174,21.14435,-18.837091111764515
sodium__if_ec_fc_bbe,Sodium + ImmediatelyFast + EntityCulling + FerriteCore + Better Block Entities,immediatelyfast + entityculling + ferrite-core + better-block-entities,renderer_fps,FPS,True,16.564735,14.672235,-11.424873383123835
sodium__if_ec_fc_bbe,Sodium + ImmediatelyFast + EntityCulling + FerriteCore + Better Block Entities,immediatelyfast + entityculling + ferrite-core + better-block-entities,particle,FPS,True,33.8902,30.89639,-8.833851673935234
sodium__if_ec_fc_bbe,Sodium + ImmediatelyFast + EntityCulling + FerriteCore + Better Block Entities,immediatelyfast + entityculling + ferrite-core + better-block-entities,block_entity,FPS,True,28.99389,21.6627,-25.28529286687643
sodium__if_ec_fc_bbe,Sodium + ImmediatelyFast + EntityCulling + FerriteCore + Better Block Entities,immediatelyfast + entityculling + ferrite-core + better-block-entities,chunk_generation,FPS,True,22.18712,20.63609,-6.990677474138152
sodium__if_ec_fc_bbe,Sodium + ImmediatelyFast + EntityCulling + FerriteCore + Better Block Entities,immediatelyfast + entityculling + ferrite-core + better-block-entities,lighting,FPS,True,38.86752,29.81365,-23.294179819036565
sodium__if_ec_fc_bbe,Sodium + ImmediatelyFast + EntityCulling + FerriteCore + Better Block Entities,immediatelyfast + entityculling + ferrite-core + better-block-entities,memory,MB,False,1857.781,1973.387,6.222800211650359
sodium__if_ec_fc_bbe,Sodium + ImmediatelyFast + EntityCulling + FerriteCore + Better Block Entities,immediatelyfast + entityculling + ferrite-core + better-block-entities,network,FPS,True,36.97483,31.62185,-14.477362032496154
sodium__if_ec_mc_fc_bo,Sodium + ImmediatelyFast + EntityCulling + MoreCulling + FerriteCore + BadOptimizations,immediatelyfast + entityculling + moreculling + ferrite-core + badoptimizations,renderer_fps,FPS,True,14.438044999999999,13.094975,-9.302298198959758
sodium__if_ec_mc_fc_bo,Sodium + ImmediatelyFast + EntityCulling + MoreCulling + FerriteCore + BadOptimizations,immediatelyfast + entityculling + moreculling + ferrite-core + badoptimizations,particle,FPS,True,40.21424,26.82299,-33.2997714242517
sodium__if_ec_mc_fc_bo,Sodium + ImmediatelyFast + EntityCulling + MoreCulling + FerriteCore + BadOptimizations,immediatelyfast + entityculling + moreculling + ferrite-core + badoptimizations,block_entity,FPS,True,24.30804,23.15957,-4.724650773982598
sodium__if_ec_mc_fc_bo,Sodium + ImmediatelyFast + EntityCulling + MoreCulling + FerriteCore + BadOptimizations,immediatelyfast + entityculling + moreculling + ferrite-core + badoptimizations,chunk_generation,FPS,True,21.38799,21.6221,1.0945862607940393
sodium__if_ec_mc_fc_bo,Sodium + ImmediatelyFast + EntityCulling + MoreCulling + FerriteCore + BadOptimizations,immediatelyfast + entityculling + moreculling + ferrite-core + badoptimizations,lighting,FPS,True,33.50121,30.60673,-8.63992673697458
sodium__if_ec_mc_fc_bo,Sodium + ImmediatelyFast + EntityCulling + MoreCulling + FerriteCore + BadOptimizations,immediatelyfast + entityculling + moreculling + ferrite-core + badoptimizations,memory,MB,False,1899.473,2222.641,17.013561129850242
sodium__if_ec_mc_fc_bo,Sodium + ImmediatelyFast + EntityCulling + MoreCulling + FerriteCore + BadOptimizations,immediatelyfast + entityculling + moreculling + ferrite-core + badoptimizations,network,FPS,True,44.48926,33.20295,-25.368617054992594
sodium__if_ec_li_c2me_bo_bbe,Sodium + ImmediatelyFast + EntityCulling + Lithium + C2ME + BadOptimizations + Better Block Entities,immediatelyfast + entityculling + lithium + c2me-fabric + badoptimizations + better-block-entities,renderer_fps,FPS,True,13.179124999999999,11.201665,-15.004486261417194
sodium__if_ec_li_c2me_bo_bbe,Sodium + ImmediatelyFast + EntityCulling + Lithium + C2ME + BadOptimizations + Better Block Entities,immediatelyfast + entityculling + lithium + c2me-fabric + badoptimizations + better-block-entities,particle,FPS,True,24.21125,20.43914,-15.579988641643872
sodium__if_ec_li_c2me_bo_bbe,Sodium + ImmediatelyFast + EntityCulling + Lithium + C2ME + BadOptimizations + Better Block Entities,immediatelyfast + entityculling + lithium + c2me-fabric + badoptimizations + better-block-entities,block_entity,FPS,True,20.41814,17.3711,-14.923200644133116
sodium__if_ec_li_c2me_bo_bbe,Sodium + ImmediatelyFast + EntityCulling + Lithium + C2ME + BadOptimizations + Better Block Entities,immediatelyfast + entityculling + lithium + c2me-fabric + badoptimizations + better-block-entities,chunk_generation,FPS,True,23.03395,18.8893,-17.9936571886281
sodium__if_ec_li_c2me_bo_bbe,Sodium + ImmediatelyFast + EntityCulling + Lithium + C2ME + BadOptimizations + Better Block Entities,immediatelyfast + entityculling + lithium + c2me-fabric + badoptimizations + better-block-entities,lighting,FPS,True,26.448,28.88374,9.209543254688434
sodium__if_ec_li_c2me_bo_bbe,Sodium + ImmediatelyFast + EntityCulling + Lithium + C2ME + BadOptimizations + Better Block Entities,immediatelyfast + entityculling + lithium + c2me-fabric + badoptimizations + better-block-entities,memory,MB,False,2022.348,1908.488,-5.630089381253867
sodium__if_ec_li_c2me_bo_bbe,Sodium + ImmediatelyFast + EntityCulling + Lithium + C2ME + BadOptimizations + Better Block Entities,immediatelyfast + entityculling + lithium + c2me-fabric + badoptimizations + better-block-entities,network,FPS,True,29.46901,25.99195,-11.799039058319238
sodium__if_ec_bbe,Sodium + ImmediatelyFast + EntityCulling + Better Block Entities,immediatelyfast + entityculling + better-block-entities,renderer_fps,FPS,True,12.2036,12.72721,4.290619161558884
sodium__if_ec_bbe,Sodium + ImmediatelyFast + EntityCulling + Better Block Entities,immediatelyfast + entityculling + better-block-entities,particle,FPS,True,35.10391,31.4061,-10.53389779087287
sodium__if_ec_bbe,Sodium + ImmediatelyFast + EntityCulling + Better Block Entities,immediatelyfast + entityculling + better-block-entities,block_entity,FPS,True,27.9078,21.59309,-22.62704333555494
sodium__if_ec_bbe,Sodium + ImmediatelyFast + EntityCulling + Better Block Entities,immediatelyfast + entityculling + better-block-entities,chunk_generation,FPS,True,22.96161,20.58417,-10.353977791626978
sodium__if_ec_bbe,Sodium + ImmediatelyFast + EntityCulling + Better Block Entities,immediatelyfast + entityculling + better-block-entities,lighting,FPS,True,36.41684,34.17527,-6.155311663505136
sodium__if_ec_bbe,Sodium + ImmediatelyFast + EntityCulling + Better Block Entities,immediatelyfast + entityculling + better-block-entities,memory,MB,False,2334.723,2136.199,-8.503107220856599
sodium__if_ec_bbe,Sodium + ImmediatelyFast + EntityCulling + Better Block Entities,immediatelyfast + entityculling + better-block-entities,network,FPS,True,43.10499,33.05308,-23.319597104650757
sodium__if_ec_c2me_bbe,Sodium + ImmediatelyFast + EntityCulling + C2ME + Better Block Entities,immediatelyfast + entityculling + c2me-fabric + better-block-entities,renderer_fps,FPS,True,11.423015,11.16373,-2.269847321394569
sodium__if_ec_c2me_bbe,Sodium + ImmediatelyFast + EntityCulling + C2ME + Better Block Entities,immediatelyfast + entityculling + c2me-fabric + better-block-entities,particle,FPS,True,18.21325,21.21853,16.50051473515162
sodium__if_ec_c2me_bbe,Sodium + ImmediatelyFast + EntityCulling + C2ME + Better Block Entities,immediatelyfast + entityculling + c2me-fabric + better-block-entities,block_entity,FPS,True,16.43937,17.34995,5.539020047605225
sodium__if_ec_c2me_bbe,Sodium + ImmediatelyFast + EntityCulling + C2ME + Better Block Entities,immediatelyfast + entityculling + c2me-fabric + better-block-entities,chunk_generation,FPS,True,24.00855,22.04655,-8.17208869340298
sodium__if_ec_c2me_bbe,Sodium + ImmediatelyFast + EntityCulling + C2ME + Better Block Entities,immediatelyfast + entityculling + c2me-fabric + better-block-entities,lighting,FPS,True,19.43074,21.91824,12.801879907816183
sodium__if_ec_c2me_bbe,Sodium + ImmediatelyFast + EntityCulling + C2ME + Better Block Entities,immediatelyfast + entityculling + c2me-fabric + better-block-entities,memory,MB,False,2115.152,2241.188,5.958720697141384
sodium__if_ec_c2me_bbe,Sodium + ImmediatelyFast + EntityCulling + C2ME + Better Block Entities,immediatelyfast + entityculling + c2me-fabric + better-block-entities,network,FPS,True,21.95657,25.19886,14.766832888743565
sodium__if_ec_mc_c2me_bo,Sodium + ImmediatelyFast + EntityCulling + MoreCulling + C2ME + BadOptimizations,immediatelyfast + entityculling + moreculling + c2me-fabric + badoptimizations,renderer_fps,FPS,True,11.921765,11.714415,-1.7392558903820077
sodium__if_ec_mc_c2me_bo,Sodium + ImmediatelyFast + EntityCulling + MoreCulling + C2ME + BadOptimizations,immediatelyfast + entityculling + moreculling + c2me-fabric + badoptimizations,particle,FPS,True,19.75925,20.15112,1.9832230474334578
sodium__if_ec_mc_c2me_bo,Sodium + ImmediatelyFast + EntityCulling + MoreCulling + C2ME + BadOptimizations,immediatelyfast + entityculling + moreculling + c2me-fabric + badoptimizations,block_entity,FPS,True,15.80314,15.64291,-1.013912424999086
sodium__if_ec_mc_c2me_bo,Sodium + ImmediatelyFast + EntityCulling + MoreCulling + C2ME + BadOptimizations,immediatelyfast + entityculling + moreculling + c2me-fabric + badoptimizations,chunk_generation,FPS,True,25.35629,21.74905,-14.226213692933786
sodium__if_ec_mc_c2me_bo,Sodium + ImmediatelyFast + EntityCulling + MoreCulling + C2ME + BadOptimizations,immediatelyfast + entityculling + moreculling + c2me-fabric + badoptimizations,lighting,FPS,True,22.64771,22.62939,-0.08089118060942146
sodium__if_ec_mc_c2me_bo,Sodium + ImmediatelyFast + EntityCulling + MoreCulling + C2ME + BadOptimizations,immediatelyfast + entityculling + moreculling + c2me-fabric + badoptimizations,memory,MB,False,2087.16,2262.395,8.395858487130848
sodium__if_ec_mc_c2me_bo,Sodium + ImmediatelyFast + EntityCulling + MoreCulling + C2ME + BadOptimizations,immediatelyfast + entityculling + moreculling + c2me-fabric + badoptimizations,network,FPS,True,23.98232,24.57984,2.4915020731939075
sodium__if_mc_li_fc_c2me_bo,Sodium + ImmediatelyFast + MoreCulling + Lithium + FerriteCore + C2ME + BadOptimizations,immediatelyfast + moreculling + lithium + ferrite-core + c2me-fabric + badoptimizations,renderer_fps,FPS,True,12.65455,12.009335,-5.098679921451177
sodium__if_mc_li_fc_c2me_bo,Sodium + ImmediatelyFast + MoreCulling + Lithium + FerriteCore + C2ME + BadOptimizations,immediatelyfast + moreculling + lithium + ferrite-core + c2me-fabric + badoptimizations,particle,FPS,True,20.43301,18.97065,-7.156850605955755
sodium__if_mc_li_fc_c2me_bo,Sodium + ImmediatelyFast + MoreCulling + Lithium + FerriteCore + C2ME + BadOptimizations,immediatelyfast + moreculling + lithium + ferrite-core + c2me-fabric + badoptimizations,block_entity,FPS,True,16.87586,15.59111,-7.612945355081157
sodium__if_mc_li_fc_c2me_bo,Sodium + ImmediatelyFast + MoreCulling + Lithium + FerriteCore + C2ME + BadOptimizations,immediatelyfast + moreculling + lithium + ferrite-core + c2me-fabric + badoptimizations,chunk_generation,FPS,True,24.74671,20.68959,-16.394583360778057
sodium__if_mc_li_fc_c2me_bo,Sodium + ImmediatelyFast + MoreCulling + Lithium + FerriteCore + C2ME + BadOptimizations,immediatelyfast + moreculling + lithium + ferrite-core + c2me-fabric + badoptimizations,lighting,FPS,True,22.91952,23.31076,1.707016551830054
sodium__if_mc_li_fc_c2me_bo,Sodium + ImmediatelyFast + MoreCulling + Lithium + FerriteCore + C2ME + BadOptimizations,immediatelyfast + moreculling + lithium + ferrite-core + c2me-fabric + badoptimizations,memory,MB,False,1961.457,1989.574,1.4334752176570653
sodium__if_mc_li_fc_c2me_bo,Sodium + ImmediatelyFast + MoreCulling + Lithium + FerriteCore + C2ME + BadOptimizations,immediatelyfast + moreculling + lithium + ferrite-core + c2me-fabric + badoptimizations,network,FPS,True,22.13509,25.90281,17.021480373470354
sodium__if_mc_c2me,Sodium + ImmediatelyFast + MoreCulling + C2ME,immediatelyfast + moreculling + c2me-fabric,renderer_fps,FPS,True,9.15404,8.44802,-7.7126602024898405
sodium__if_mc_c2me,Sodium + ImmediatelyFast + MoreCulling + C2ME,immediatelyfast + moreculling + c2me-fabric,particle,FPS,True,19.52666,15.40322,-21.116975458168476
sodium__if_mc_c2me,Sodium + ImmediatelyFast + MoreCulling + C2ME,immediatelyfast + moreculling + c2me-fabric,block_entity,FPS,True,16.04712,12.4103,-22.663381341947964
sodium__if_mc_c2me,Sodium + ImmediatelyFast + MoreCulling + C2ME,immediatelyfast + moreculling + c2me-fabric,chunk_generation,FPS,True,24.63405,21.40065,-13.125734501634934
sodium__if_mc_c2me,Sodium + ImmediatelyFast + MoreCulling + C2ME,immediatelyfast + moreculling + c2me-fabric,lighting,FPS,True,19.18818,18.34363,-4.401407533179269
sodium__if_mc_c2me,Sodium + ImmediatelyFast + MoreCulling + C2ME,immediatelyfast + moreculling + c2me-fabric,memory,MB,False,2065.184,1957.496,-5.214450625222744
sodium__if_mc_c2me,Sodium + ImmediatelyFast + MoreCulling + C2ME,immediatelyfast + moreculling + c2me-fabric,network,FPS,True,24.73939,17.60422,-28.841333597958553
sodium__if_mc_li_c2me,Sodium + ImmediatelyFast + MoreCulling + Lithium + C2ME,immediatelyfast + moreculling + lithium + c2me-fabric,renderer_fps,FPS,True,11.68871,10.02844,-14.204048179824813
sodium__if_mc_li_c2me,Sodium + ImmediatelyFast + MoreCulling + Lithium + C2ME,immediatelyfast + moreculling + lithium + c2me-fabric,particle,FPS,True,23.22502,21.64461,-6.804773472746206
sodium__if_mc_li_c2me,Sodium + ImmediatelyFast + MoreCulling + Lithium + C2ME,immediatelyfast + moreculling + lithium + c2me-fabric,block_entity,FPS,True,13.82227,13.42985,-2.8390416335377533
sodium__if_mc_li_c2me,Sodium + ImmediatelyFast + MoreCulling + Lithium + C2ME,immediatelyfast + moreculling + lithium + c2me-fabric,chunk_generation,FPS,True,21.42746,21.34326,-0.39295371453265115
sodium__if_mc_li_c2me,Sodium + ImmediatelyFast + MoreCulling + Lithium + C2ME,immediatelyfast + moreculling + lithium + c2me-fabric,lighting,FPS,True,21.06899,18.9892,-9.871332228075481
sodium__if_mc_li_c2me,Sodium + ImmediatelyFast + MoreCulling + Lithium + C2ME,immediatelyfast + moreculling + lithium + c2me-fabric,memory,MB,False,1869.184,1932.918,3.4097231733205557
sodium__if_mc_li_c2me,Sodium + ImmediatelyFast + MoreCulling + Lithium + C2ME,immediatelyfast + moreculling + lithium + c2me-fabric,network,FPS,True,28.57677,21.47402,-24.854978361795265
sodium__if_ec_li_fc_c2me,Sodium + ImmediatelyFast + EntityCulling + Lithium + FerriteCore + C2ME,immediatelyfast + entityculling + lithium + ferrite-core + c2me-fabric,renderer_fps,FPS,True,11.918890000000001,10.166725,-14.700739750094193
sodium__if_ec_li_fc_c2me,Sodium + ImmediatelyFast + EntityCulling + Lithium + FerriteCore + C2ME,immediatelyfast + entityculling + lithium + ferrite-core + c2me-fabric,particle,FPS,True,23.00215,19.22438,-16.423551711470452
sodium__if_ec_li_fc_c2me,Sodium + ImmediatelyFast + EntityCulling + Lithium + FerriteCore + C2ME,immediatelyfast + entityculling + lithium + ferrite-core + c2me-fabric,block_entity,FPS,True,16.43036,13.54028,-17.589876302162587
sodium__if_ec_li_fc_c2me,Sodium + ImmediatelyFast + EntityCulling + Lithium + FerriteCore + C2ME,immediatelyfast + entityculling + lithium + ferrite-core + c2me-fabric,chunk_generation,FPS,True,19.8065,19.61415,-0.9711458359629499
sodium__if_ec_li_fc_c2me,Sodium + ImmediatelyFast + EntityCulling + Lithium + FerriteCore + C2ME,immediatelyfast + entityculling + lithium + ferrite-core + c2me-fabric,lighting,FPS,True,18.44071,17.40316,-5.626410262945402
sodium__if_ec_li_fc_c2me,Sodium + ImmediatelyFast + EntityCulling + Lithium + FerriteCore + C2ME,immediatelyfast + entityculling + lithium + ferrite-core + c2me-fabric,memory,MB,False,1910.289,1867.109,-2.2603909670212197
sodium__if_ec_li_fc_c2me,Sodium + ImmediatelyFast + EntityCulling + Lithium + FerriteCore + C2ME,immediatelyfast + entityculling + lithium + ferrite-core + c2me-fabric,network,FPS,True,23.04061,18.20531,-20.985989520242732
sodium__if_mc_li_c2me_bo_bbe,Sodium + ImmediatelyFast + MoreCulling + Lithium + C2ME + BadOptimizations + Better Block Entities,immediatelyfast + moreculling + lithium + c2me-fabric + badoptimizations + better-block-entities,renderer_fps,FPS,True,12.413905,10.087275,-18.74212828276034
sodium__if_mc_li_c2me_bo_bbe,Sodium + ImmediatelyFast + MoreCulling + Lithium + C2ME + BadOptimizations + Better Block Entities,immediatelyfast + moreculling + lithium + c2me-fabric + badoptimizations + better-block-entities,particle,FPS,True,18.17038,22.4231,23.40468388663308
sodium__if_mc_li_c2me_bo_bbe,Sodium + ImmediatelyFast + MoreCulling + Lithium + C2ME + BadOptimizations + Better Block Entities,immediatelyfast + moreculling + lithium + c2me-fabric + badoptimizations + better-block-entities,block_entity,FPS,True,16.10535,16.44711,2.122027773379642
sodium__if_mc_li_c2me_bo_bbe,Sodium + ImmediatelyFast + MoreCulling + Lithium + C2ME + BadOptimizations + Better Block Entities,immediatelyfast + moreculling + lithium + c2me-fabric + badoptimizations + better-block-entities,chunk_generation,FPS,True,21.94893,23.10263,5.256292675770524
sodium__if_mc_li_c2me_bo_bbe,Sodium + ImmediatelyFast + MoreCulling + Lithium + C2ME + BadOptimizations + Better Block Entities,immediatelyfast + moreculling + lithium + c2me-fabric + badoptimizations + better-block-entities,lighting,FPS,True,23.45934,23.16644,-1.2485432241486683
sodium__if_mc_li_c2me_bo_bbe,Sodium + ImmediatelyFast + MoreCulling + Lithium + C2ME + BadOptimizations + Better Block Entities,immediatelyfast + moreculling + lithium + c2me-fabric + badoptimizations + better-block-entities,memory,MB,False,2013.59,2049.543,1.7855174092044734
sodium__if_mc_li_c2me_bo_bbe,Sodium + ImmediatelyFast + MoreCulling + Lithium + C2ME + BadOptimizations + Better Block Entities,immediatelyfast + moreculling + lithium + c2me-fabric + badoptimizations + better-block-entities,network,FPS,True,27.03947,18.96175,-29.8738103964316
sodium__if_mc_bbe,Sodium + ImmediatelyFast + MoreCulling + Better Block Entities,immediatelyfast + moreculling + better-block-entities,renderer_fps,FPS,True,14.283845,11.54071,-19.20445790331664
sodium__if_mc_bbe,Sodium + ImmediatelyFast + MoreCulling + Better Block Entities,immediatelyfast + moreculling + better-block-entities,particle,FPS,True,35.20052,25.76371,-26.808723280224267
sodium__if_mc_bbe,Sodium + ImmediatelyFast + MoreCulling + Better Block Entities,immediatelyfast + moreculling + better-block-entities,block_entity,FPS,True,22.64881,20.75923,-8.342954883722376
sodium__if_mc_bbe,Sodium + ImmediatelyFast + MoreCulling + Better Block Entities,immediatelyfast + moreculling + better-block-entities,chunk_generation,FPS,True,20.91732,20.35361,-2.694943711718334
sodium__if_mc_bbe,Sodium + ImmediatelyFast + MoreCulling + Better Block Entities,immediatelyfast + moreculling + better-block-entities,lighting,FPS,True,33.0575,30.79867,-6.8330333509793455
sodium__if_mc_bbe,Sodium + ImmediatelyFast + MoreCulling + Better Block Entities,immediatelyfast + moreculling + better-block-entities,memory,MB,False,1915.016,2004.086,4.651136074058915
sodium__if_mc_bbe,Sodium + ImmediatelyFast + MoreCulling + Better Block Entities,immediatelyfast + moreculling + better-block-entities,network,FPS,True,33.35736,28.35392,-14.999508354378166
sodium__if_mc_li_bbe,Sodium + ImmediatelyFast + MoreCulling + Lithium + Better Block Entities,immediatelyfast + moreculling + lithium + better-block-entities,renderer_fps,FPS,True,15.52893,16.320465,5.097163809740901
sodium__if_mc_li_bbe,Sodium + ImmediatelyFast + MoreCulling + Lithium + Better Block Entities,immediatelyfast + moreculling + lithium + better-block-entities,particle,FPS,True,33.35728,29.36556,-11.966563220982064
sodium__if_mc_li_bbe,Sodium + ImmediatelyFast + MoreCulling + Lithium + Better Block Entities,immediatelyfast + moreculling + lithium + better-block-entities,block_entity,FPS,True,23.98636,26.13237,8.946793094075133
sodium__if_mc_li_bbe,Sodium + ImmediatelyFast + MoreCulling + Lithium + Better Block Entities,immediatelyfast + moreculling + lithium + better-block-entities,chunk_generation,FPS,True,26.40924,24.54603,-7.055144335846098
sodium__if_mc_li_bbe,Sodium + ImmediatelyFast + MoreCulling + Lithium + Better Block Entities,immediatelyfast + moreculling + lithium + better-block-entities,lighting,FPS,True,34.41496,31.12615,-9.556338290092448
sodium__if_mc_li_bbe,Sodium + ImmediatelyFast + MoreCulling + Lithium + Better Block Entities,immediatelyfast + moreculling + lithium + better-block-entities,memory,MB,False,1813.559,1954.438,7.76809577190487
sodium__if_mc_li_bbe,Sodium + ImmediatelyFast + MoreCulling + Lithium + Better Block Entities,immediatelyfast + moreculling + lithium + better-block-entities,network,FPS,True,31.67062,30.94468,-2.292155947689045
sodium__if_ec_li_fc_bbe,Sodium + ImmediatelyFast + EntityCulling + Lithium + FerriteCore + Better Block Entities,immediatelyfast + entityculling + lithium + ferrite-core + better-block-entities,renderer_fps,FPS,True,18.215339999999998,14.26879,-21.666079249687343
sodium__if_ec_li_fc_bbe,Sodium + ImmediatelyFast + EntityCulling + Lithium + FerriteCore + Better Block Entities,immediatelyfast + entityculling + lithium + ferrite-core + better-block-entities,particle,FPS,True,37.04091,34.25505,-7.521035525315112
sodium__if_ec_li_fc_bbe,Sodium + ImmediatelyFast + EntityCulling + Lithium + FerriteCore + Better Block Entities,immediatelyfast + entityculling + lithium + ferrite-core + better-block-entities,block_entity,FPS,True,26.93963,27.25855,1.1838321461727475
sodium__if_ec_li_fc_bbe,Sodium + ImmediatelyFast + EntityCulling + Lithium + FerriteCore + Better Block Entities,immediatelyfast + entityculling + lithium + ferrite-core + better-block-entities,chunk_generation,FPS,True,27.11282,20.48894,-24.430804320612907
sodium__if_ec_li_fc_bbe,Sodium + ImmediatelyFast + EntityCulling + Lithium + FerriteCore + Better Block Entities,immediatelyfast + entityculling + lithium + ferrite-core + better-block-entities,lighting,FPS,True,38.73377,32.60184,-15.830966105287448
sodium__if_ec_li_fc_bbe,Sodium + ImmediatelyFast + EntityCulling + Lithium + FerriteCore + Better Block Entities,immediatelyfast + entityculling + lithium + ferrite-core + better-block-entities,memory,MB,False,1759.098,1893.039,7.614186361419328
sodium__if_ec_li_fc_bbe,Sodium + ImmediatelyFast + EntityCulling + Lithium + FerriteCore + Better Block Entities,immediatelyfast + entityculling + lithium + ferrite-core + better-block-entities,network,FPS,True,36.70963,33.50469,-8.7305156712285
sodium__if_li_fc_c2me_bo_bbe,Sodium + ImmediatelyFast + Lithium + FerriteCore + C2ME + BadOptimizations + Better Block Entities,immediatelyfast + lithium + ferrite-core + c2me-fabric + badoptimizations + better-block-entities,renderer_fps,FPS,True,15.429124999999999,12.41609,-19.528229889899773
sodium__if_li_fc_c2me_bo_bbe,Sodium + ImmediatelyFast + Lithium + FerriteCore + C2ME + BadOptimizations + Better Block Entities,immediatelyfast + lithium + ferrite-core + c2me-fabric + badoptimizations + better-block-entities,particle,FPS,True,27.50403,24.39022,-11.321286371488103
sodium__if_li_fc_c2me_bo_bbe,Sodium + ImmediatelyFast + Lithium + FerriteCore + C2ME + BadOptimizations + Better Block Entities,immediatelyfast + lithium + ferrite-core + c2me-fabric + badoptimizations + better-block-entities,block_entity,FPS,True,20.08459,18.16961,-9.534573521291701
sodium__if_li_fc_c2me_bo_bbe,Sodium + ImmediatelyFast + Lithium + FerriteCore + C2ME + BadOptimizations + Better Block Entities,immediatelyfast + lithium + ferrite-core + c2me-fabric + badoptimizations + better-block-entities,chunk_generation,FPS,True,24.44631,22.50057,-7.9592380199711155
sodium__if_li_fc_c2me_bo_bbe,Sodium + ImmediatelyFast + Lithium + FerriteCore + C2ME + BadOptimizations + Better Block Entities,immediatelyfast + lithium + ferrite-core + c2me-fabric + badoptimizations + better-block-entities,lighting,FPS,True,29.711,23.54332,-20.75891084110262
sodium__if_li_fc_c2me_bo_bbe,Sodium + ImmediatelyFast + Lithium + FerriteCore + C2ME + BadOptimizations + Better Block Entities,immediatelyfast + lithium + ferrite-core + c2me-fabric + badoptimizations + better-block-entities,memory,MB,False,1906.02,2051.133,7.613403846759215
sodium__if_li_fc_c2me_bo_bbe,Sodium + ImmediatelyFast + Lithium + FerriteCore + C2ME + BadOptimizations + Better Block Entities,immediatelyfast + lithium + ferrite-core + c2me-fabric + badoptimizations + better-block-entities,network,FPS,True,31.6196,28.30595,-10.479734088982784
sodium__if_li_fc,Sodium + ImmediatelyFast + Lithium + FerriteCore,immediatelyfast + lithium + ferrite-core,renderer_fps,FPS,True,14.486080000000001,16.08339,11.026516490313455
sodium__if_li_fc,Sodium + ImmediatelyFast + Lithium + FerriteCore,immediatelyfast + lithium + ferrite-core,particle,FPS,True,33.65057,30.66095,-8.884307160324479
sodium__if_li_fc,Sodium + ImmediatelyFast + Lithium + FerriteCore,immediatelyfast + lithium + ferrite-core,block_entity,FPS,True,27.00081,29.89597,10.722493140020607
sodium__if_li_fc,Sodium + ImmediatelyFast + Lithium + FerriteCore,immediatelyfast + lithium + ferrite-core,chunk_generation,FPS,True,24.12318,25.28422,4.812964128278274
sodium__if_li_fc,Sodium + ImmediatelyFast + Lithium + FerriteCore,immediatelyfast + lithium + ferrite-core,lighting,FPS,True,40.19553,32.78807,-18.428566559515446
sodium__if_li_fc,Sodium + ImmediatelyFast + Lithium + FerriteCore,immediatelyfast + lithium + ferrite-core,memory,MB,False,1822.449,1879.285,3.118660659365502
sodium__if_li_fc,Sodium + ImmediatelyFast + Lithium + FerriteCore,immediatelyfast + lithium + ferrite-core,network,FPS,True,39.37736,37.63579,-4.4227698352555915
sodium__if_mc_fc_c2me,Sodium + ImmediatelyFast + MoreCulling + FerriteCore + C2ME,immediatelyfast + moreculling + ferrite-core + c2me-fabric,renderer_fps,FPS,True,13.57245,9.794175,-27.83782588994619
sodium__if_mc_fc_c2me,Sodium + ImmediatelyFast + MoreCulling + FerriteCore + C2ME,immediatelyfast + moreculling + ferrite-core + c2me-fabric,particle,FPS,True,23.19827,17.0224,-26.62211449388252
sodium__if_mc_fc_c2me,Sodium + ImmediatelyFast + MoreCulling + FerriteCore + C2ME,immediatelyfast + moreculling + ferrite-core + c2me-fabric,block_entity,FPS,True,16.03452,14.87009,-7.262019692513411
sodium__if_mc_fc_c2me,Sodium + ImmediatelyFast + MoreCulling + FerriteCore + C2ME,immediatelyfast + moreculling + ferrite-core + c2me-fabric,chunk_generation,FPS,True,23.94625,23.71537,-0.9641593151328509
sodium__if_mc_fc_c2me,Sodium + ImmediatelyFast + MoreCulling + FerriteCore + C2ME,immediatelyfast + moreculling + ferrite-core + c2me-fabric,lighting,FPS,True,19.15291,17.87013,-6.697572327129397
sodium__if_mc_fc_c2me,Sodium + ImmediatelyFast + MoreCulling + FerriteCore + C2ME,immediatelyfast + moreculling + ferrite-core + c2me-fabric,memory,MB,False,2004.031,1964.422,-1.9764664319064873
sodium__if_mc_fc_c2me,Sodium + ImmediatelyFast + MoreCulling + FerriteCore + C2ME,immediatelyfast + moreculling + ferrite-core + c2me-fabric,network,FPS,True,30.85887,24.26513,-21.367405870662147
sodium__if_ec_li_c2me_bo,Sodium + ImmediatelyFast + EntityCulling + Lithium + C2ME + BadOptimizations,immediatelyfast + entityculling + lithium + c2me-fabric + badoptimizations,renderer_fps,FPS,True,14.412225,10.57984,-26.591209892990143
sodium__if_ec_li_c2me_bo,Sodium + ImmediatelyFast + EntityCulling + Lithium + C2ME + BadOptimizations,immediatelyfast + entityculling + lithium + c2me-fabric + badoptimizations,particle,FPS,True,22.76979,18.98831,-16.60744345907451
sodium__if_ec_li_c2me_bo,Sodium + ImmediatelyFast + EntityCulling + Lithium + C2ME + BadOptimizations,immediatelyfast + entityculling + lithium + c2me-fabric + badoptimizations,block_entity,FPS,True,17.47085,13.8506,-20.721659220930853
sodium__if_ec_li_c2me_bo,Sodium + ImmediatelyFast + EntityCulling + Lithium + C2ME + BadOptimizations,immediatelyfast + entityculling + lithium + c2me-fabric + badoptimizations,chunk_generation,FPS,True,24.57294,20.91362,-14.89166538476876
sodium__if_ec_li_c2me_bo,Sodium + ImmediatelyFast + EntityCulling + Lithium + C2ME + BadOptimizations,immediatelyfast + entityculling + lithium + c2me-fabric + badoptimizations,lighting,FPS,True,22.11532,20.52927,-7.171725301736531
sodium__if_ec_li_c2me_bo,Sodium + ImmediatelyFast + EntityCulling + Lithium + C2ME + BadOptimizations,immediatelyfast + entityculling + lithium + c2me-fabric + badoptimizations,memory,MB,False,1943.352,1924.695,-0.9600422363009953
sodium__if_ec_li_c2me_bo,Sodium + ImmediatelyFast + EntityCulling + Lithium + C2ME + BadOptimizations,immediatelyfast + entityculling + lithium + c2me-fabric + badoptimizations,network,FPS,True,26.32036,25.44012,-3.3443311565647282
sodium__ec_mc_li_fc_c2me_bo,Sodium + EntityCulling + MoreCulling + Lithium + FerriteCore + C2ME + BadOptimizations,entityculling + moreculling + lithium + ferrite-core + c2me-fabric + badoptimizations,renderer_fps,FPS,True,15.184249999999999,13.154990000000002,-13.364242553962146
sodium__ec_mc_li_fc_c2me_bo,Sodium + EntityCulling + MoreCulling + Lithium + FerriteCore + C2ME + BadOptimizations,entityculling + moreculling + lithium + ferrite-core + c2me-fabric + badoptimizations,particle,FPS,True,24.75942,23.86421,-3.615633968808629
sodium__ec_mc_li_fc_c2me_bo,Sodium + EntityCulling + MoreCulling + Lithium + FerriteCore + C2ME + BadOptimizations,entityculling + moreculling + lithium + ferrite-core + c2me-fabric + badoptimizations,block_entity,FPS,True,21.74488,17.03899,-21.6413702903856
sodium__ec_mc_li_fc_c2me_bo,Sodium + EntityCulling + MoreCulling + Lithium + FerriteCore + C2ME + BadOptimizations,entityculling + moreculling + lithium + ferrite-core + c2me-fabric + badoptimizations,chunk_generation,FPS,True,24.5702,22.95658,-6.567386508860329
sodium__ec_mc_li_fc_c2me_bo,Sodium + EntityCulling + MoreCulling + Lithium + FerriteCore + C2ME + BadOptimizations,entityculling + moreculling + lithium + ferrite-core + c2me-fabric + badoptimizations,lighting,FPS,True,25.88231,24.56606,-5.085519800976035
sodium__ec_mc_li_fc_c2me_bo,Sodium + EntityCulling + MoreCulling + Lithium + FerriteCore + C2ME + BadOptimizations,entityculling + moreculling + lithium + ferrite-core + c2me-fabric + badoptimizations,memory,MB,False,1883.238,1930.277,2.4977724536144663
sodium__ec_mc_li_fc_c2me_bo,Sodium + EntityCulling + MoreCulling + Lithium + FerriteCore + C2ME + BadOptimizations,entityculling + moreculling + lithium + ferrite-core + c2me-fabric + badoptimizations,network,FPS,True,33.21072,28.49166,-14.209448033646977
sodium__fc,Sodium + FerriteCore,ferrite-core,renderer_fps,FPS,True,13.088740000000001,11.693265,-10.661645047575252
sodium__fc,Sodium + FerriteCore,ferrite-core,particle,FPS,True,33.34999,27.82825,-16.55694649383702
sodium__fc,Sodium + FerriteCore,ferrite-core,block_entity,FPS,True,22.43031,23.36937,4.1865671941226035
sodium__fc,Sodium + FerriteCore,ferrite-core,chunk_generation,FPS,True,20.76981,21.90995,5.489409869421036
sodium__fc,Sodium + FerriteCore,ferrite-core,lighting,FPS,True,34.62924,31.89825,-7.886370015628419
sodium__fc,Sodium + FerriteCore,ferrite-core,memory,MB,False,1926.875,1967.211,2.093337658125205
sodium__fc,Sodium + FerriteCore,ferrite-core,network,FPS,True,30.76618,31.65618,2.8927868198131756
sodium__ec_fc_bbe,Sodium + EntityCulling + FerriteCore + Better Block Entities,entityculling + ferrite-core + better-block-entities,renderer_fps,FPS,True,17.369725,14.483515,-16.6163252440669
sodium__ec_fc_bbe,Sodium + EntityCulling + FerriteCore + Better Block Entities,entityculling + ferrite-core + better-block-entities,particle,FPS,True,35.21582,33.29938,-5.441986016511901
sodium__ec_fc_bbe,Sodium + EntityCulling + FerriteCore + Better Block Entities,entityculling + ferrite-core + better-block-entities,block_entity,FPS,True,26.05825,20.60652,-20.921320503103622
sodium__ec_fc_bbe,Sodium + EntityCulling + FerriteCore + Better Block Entities,entityculling + ferrite-core + better-block-entities,chunk_generation,FPS,True,23.70484,21.63713,-8.722733416466856
sodium__ec_fc_bbe,Sodium + EntityCulling + FerriteCore + Better Block Entities,entityculling + ferrite-core + better-block-entities,lighting,FPS,True,42.00116,30.96367,-26.27901229394617
sodium__ec_fc_bbe,Sodium + EntityCulling + FerriteCore + Better Block Entities,entityculling + ferrite-core + better-block-entities,memory,MB,False,2170.074,1919.609,-11.54177230822544
sodium__ec_fc_bbe,Sodium + EntityCulling + FerriteCore + Better Block Entities,entityculling + ferrite-core + better-block-entities,network,FPS,True,39.9898,33.13108,-17.151173549255073
sodium__ec_mc_fc_bo,Sodium + EntityCulling + MoreCulling + FerriteCore + BadOptimizations,entityculling + moreculling + ferrite-core + badoptimizations,renderer_fps,FPS,True,16.898335,13.706824999999998,-18.886535271078486
sodium__ec_mc_fc_bo,Sodium + EntityCulling + MoreCulling + FerriteCore + BadOptimizations,entityculling + moreculling + ferrite-core + badoptimizations,particle,FPS,True,39.15658,29.64629,-24.28784638494985
sodium__ec_mc_fc_bo,Sodium + EntityCulling + MoreCulling + FerriteCore + BadOptimizations,entityculling + moreculling + ferrite-core + badoptimizations,block_entity,FPS,True,23.224,23.92504,3.01860144677919
sodium__ec_mc_fc_bo,Sodium + EntityCulling + MoreCulling + FerriteCore + BadOptimizations,entityculling + moreculling + ferrite-core + badoptimizations,chunk_generation,FPS,True,21.26614,17.67395,-16.89159386705814
sodium__ec_mc_fc_bo,Sodium + EntityCulling + MoreCulling + FerriteCore + BadOptimizations,entityculling + moreculling + ferrite-core + badoptimizations,lighting,FPS,True,31.56404,35.45701,12.333560596172099
sodium__ec_mc_fc_bo,Sodium + EntityCulling + MoreCulling + FerriteCore + BadOptimizations,entityculling + moreculling + ferrite-core + badoptimizations,memory,MB,False,1823.555,1883.875,3.3078245514941873
sodium__ec_mc_fc_bo,Sodium + EntityCulling + MoreCulling + FerriteCore + BadOptimizations,entityculling + moreculling + ferrite-core + badoptimizations,network,FPS,True,46.09536,35.04147,-23.980483068143954
sodium__if_fc_c2me_bo_bbe,Sodium + ImmediatelyFast + FerriteCore + C2ME + BadOptimizations + Better Block Entities,immediatelyfast + ferrite-core + c2me-fabric + badoptimizations + better-block-entities,renderer_fps,FPS,True,11.861184999999999,10.202235,-13.986376571986693
sodium__if_fc_c2me_bo_bbe,Sodium + ImmediatelyFast + FerriteCore + C2ME + BadOptimizations + Better Block Entities,immediatelyfast + ferrite-core + c2me-fabric + badoptimizations + better-block-entities,particle,FPS,True,23.99588,18.89259,-21.26735923000116
sodium__if_fc_c2me_bo_bbe,Sodium + ImmediatelyFast + FerriteCore + C2ME + BadOptimizations + Better Block Entities,immediatelyfast + ferrite-core + c2me-fabric + badoptimizations + better-block-entities,block_entity,FPS,True,16.89815,15.32179,-9.328595142071771
sodium__if_fc_c2me_bo_bbe,Sodium + ImmediatelyFast + FerriteCore + C2ME + BadOptimizations + Better Block Entities,immediatelyfast + ferrite-core + c2me-fabric + badoptimizations + better-block-entities,chunk_generation,FPS,True,24.67471,23.82373,-3.4487943323346038
sodium__if_fc_c2me_bo_bbe,Sodium + ImmediatelyFast + FerriteCore + C2ME + BadOptimizations + Better Block Entities,immediatelyfast + ferrite-core + c2me-fabric + badoptimizations + better-block-entities,lighting,FPS,True,20.5764,17.77106,-13.63377461557902
sodium__if_fc_c2me_bo_bbe,Sodium + ImmediatelyFast + FerriteCore + C2ME + BadOptimizations + Better Block Entities,immediatelyfast + ferrite-core + c2me-fabric + badoptimizations + better-block-entities,memory,MB,False,1952.719,1898.898,-2.756208138498173
sodium__if_fc_c2me_bo_bbe,Sodium + ImmediatelyFast + FerriteCore + C2ME + BadOptimizations + Better Block Entities,immediatelyfast + ferrite-core + c2me-fabric + badoptimizations + better-block-entities,network,FPS,True,31.06735,21.68122,-30.212200268127155
sodium__if_li_bbe,Sodium + ImmediatelyFast + Lithium + Better Block Entities,immediatelyfast + lithium + better-block-entities,renderer_fps,FPS,True,38.90392,34.30745,-11.81492764739388
sodium__if_li_bbe,Sodium + ImmediatelyFast + Lithium + Better Block Entities,immediatelyfast + lithium + better-block-entities,particle,FPS,True,62.96038,58.86203,-6.5094111566671
sodium__if_li_bbe,Sodium + ImmediatelyFast + Lithium + Better Block Entities,immediatelyfast + lithium + better-block-entities,block_entity,FPS,True,57.22303,49.74273,-13.072184398484321
sodium__if_li_bbe,Sodium + ImmediatelyFast + Lithium + Better Block Entities,immediatelyfast + lithium + better-block-entities,chunk_generation,FPS,True,38.89537,39.91183,2.61331875747679
sodium__if_li_bbe,Sodium + ImmediatelyFast + Lithium + Better Block Entities,immediatelyfast + lithium + better-block-entities,lighting,FPS,True,63.22158,55.64877,-11.978204277716575
sodium__if_li_bbe,Sodium + ImmediatelyFast + Lithium + Better Block Entities,immediatelyfast + lithium + better-block-entities,memory,MB,False,1969.344,1916.047,-2.706332667121647
sodium__if_li_bbe,Sodium + ImmediatelyFast + Lithium + Better Block Entities,immediatelyfast + lithium + better-block-entities,network,FPS,True,62.77808,54.80645,-12.698110550689034
sodium__if_mc_c2me_bo,Sodium + ImmediatelyFast + MoreCulling + C2ME + BadOptimizations,immediatelyfast + moreculling + c2me-fabric + badoptimizations,renderer_fps,FPS,True,24.98584,27.36197,9.509906410991187
sodium__if_mc_c2me_bo,Sodium + ImmediatelyFast + MoreCulling + C2ME + BadOptimizations,immediatelyfast + moreculling + c2me-fabric + badoptimizations,particle,FPS,True,51.78101,50.71576,-2.057221363584838
sodium__if_mc_c2me_bo,Sodium + ImmediatelyFast + MoreCulling + C2ME + BadOptimizations,immediatelyfast + moreculling + c2me-fabric + badoptimizations,block_entity,FPS,True,39.25907,39.95142,1.7635415204690252
sodium__if_mc_c2me_bo,Sodium + ImmediatelyFast + MoreCulling + C2ME + BadOptimizations,immediatelyfast + moreculling + c2me-fabric + badoptimizations,chunk_generation,FPS,True,45.0545,40.58271,-9.925290481527927
sodium__if_mc_c2me_bo,Sodium + ImmediatelyFast + MoreCulling + C2ME + BadOptimizations,immediatelyfast + moreculling + c2me-fabric + badoptimizations,lighting,FPS,True,53.91264,53.61295,-0.5558807730432158
sodium__if_mc_c2me_bo,Sodium + ImmediatelyFast + MoreCulling + C2ME + BadOptimizations,immediatelyfast + moreculling + c2me-fabric + badoptimizations,memory,MB,False,1983.496,2205.973,11.216407797142015
sodium__if_mc_c2me_bo,Sodium + ImmediatelyFast + MoreCulling + C2ME + BadOptimizations,immediatelyfast + moreculling + c2me-fabric + badoptimizations,network,FPS,True,60.28419,53.28779,-11.605696286207046
sodium__if_ec_fc_c2me_bo,Sodium + ImmediatelyFast + EntityCulling + FerriteCore + C2ME + BadOptimizations,immediatelyfast + entityculling + ferrite-core + c2me-fabric + badoptimizations,renderer_fps,FPS,True,28.428575000000002,27.444699999999997,-3.4608663993886624
sodium__if_ec_fc_c2me_bo,Sodium + ImmediatelyFast + EntityCulling + FerriteCore + C2ME + BadOptimizations,immediatelyfast + entityculling + ferrite-core + c2me-fabric + badoptimizations,particle,FPS,True,59.04487,47.56368,-19.444856089953287
sodium__if_ec_fc_c2me_bo,Sodium + ImmediatelyFast + EntityCulling + FerriteCore + C2ME + BadOptimizations,immediatelyfast + entityculling + ferrite-core + c2me-fabric + badoptimizations,block_entity,FPS,True,43.27677,34.52612,-20.220201276574013
sodium__if_ec_fc_c2me_bo,Sodium + ImmediatelyFast + EntityCulling + FerriteCore + C2ME + BadOptimizations,immediatelyfast + entityculling + ferrite-core + c2me-fabric + badoptimizations,chunk_generation,FPS,True,40.71384,40.45543,-0.6346981763449389
sodium__if_ec_fc_c2me_bo,Sodium + ImmediatelyFast + EntityCulling + FerriteCore + C2ME + BadOptimizations,immediatelyfast + entityculling + ferrite-core + c2me-fabric + badoptimizations,lighting,FPS,True,55.52879,50.39555,-9.244285711970313
sodium__if_ec_fc_c2me_bo,Sodium + ImmediatelyFast + EntityCulling + FerriteCore + C2ME + BadOptimizations,immediatelyfast + entityculling + ferrite-core + c2me-fabric + badoptimizations,memory,MB,False,2153.23,2025.109,-5.950177175684901
sodium__if_ec_fc_c2me_bo,Sodium + ImmediatelyFast + EntityCulling + FerriteCore + C2ME + BadOptimizations,immediatelyfast + entityculling + ferrite-core + c2me-fabric + badoptimizations,network,FPS,True,58.09947,51.83724,-10.778463211454415
sodium__ec_mc_li_c2me_bo_bbe,Sodium + EntityCulling + MoreCulling + Lithium + C2ME + BadOptimizations + Better Block Entities,entityculling + moreculling + lithium + c2me-fabric + badoptimizations + better-block-entities,renderer_fps,FPS,True,28.409845,27.40585,-3.533968594337633
sodium__ec_mc_li_c2me_bo_bbe,Sodium + EntityCulling + MoreCulling + Lithium + C2ME + BadOptimizations + Better Block Entities,entityculling + moreculling + lithium + c2me-fabric + badoptimizations + better-block-entities,particle,FPS,True,62.10345,56.50731,-9.010996973598095
sodium__ec_mc_li_c2me_bo_bbe,Sodium + EntityCulling + MoreCulling + Lithium + C2ME + BadOptimizations + Better Block Entities,entityculling + moreculling + lithium + c2me-fabric + badoptimizations + better-block-entities,block_entity,FPS,True,35.79285,44.00738,22.950198154100597
sodium__ec_mc_li_c2me_bo_bbe,Sodium + EntityCulling + MoreCulling + Lithium + C2ME + BadOptimizations + Better Block Entities,entityculling + moreculling + lithium + c2me-fabric + badoptimizations + better-block-entities,chunk_generation,FPS,True,40.84829,38.06386,-6.816515452666438
sodium__ec_mc_li_c2me_bo_bbe,Sodium + EntityCulling + MoreCulling + Lithium + C2ME + BadOptimizations + Better Block Entities,entityculling + moreculling + lithium + c2me-fabric + badoptimizations + better-block-entities,lighting,FPS,True,56.6786,52.39377,-7.5598726856344385
sodium__ec_mc_li_c2me_bo_bbe,Sodium + EntityCulling + MoreCulling + Lithium + C2ME + BadOptimizations + Better Block Entities,entityculling + moreculling + lithium + c2me-fabric + badoptimizations + better-block-entities,memory,MB,False,2002.59,2065.891,3.160956561253192
sodium__ec_mc_li_c2me_bo_bbe,Sodium + EntityCulling + MoreCulling + Lithium + C2ME + BadOptimizations + Better Block Entities,entityculling + moreculling + lithium + c2me-fabric + badoptimizations + better-block-entities,network,FPS,True,64.26414,51.96363,-19.140550235325637
sodium__if_fc_c2me,Sodium + ImmediatelyFast + FerriteCore + C2ME,immediatelyfast + ferrite-core + c2me-fabric,renderer_fps,FPS,True,20.54728,18.79748,-8.515969023637194
sodium__if_fc_c2me,Sodium + ImmediatelyFast + FerriteCore + C2ME,immediatelyfast + ferrite-core + c2me-fabric,particle,FPS,True,43.12707,41.49411,-3.78639216621951
sodium__if_fc_c2me,Sodium + ImmediatelyFast + FerriteCore + C2ME,immediatelyfast + ferrite-core + c2me-fabric,block_entity,FPS,True,31.19489,28.12697,-9.834687668396969
sodium__if_fc_c2me,Sodium + ImmediatelyFast + FerriteCore + C2ME,immediatelyfast + ferrite-core + c2me-fabric,chunk_generation,FPS,True,27.32414,28.41257,3.9834007584502062
sodium__if_fc_c2me,Sodium + ImmediatelyFast + FerriteCore + C2ME,immediatelyfast + ferrite-core + c2me-fabric,lighting,FPS,True,44.63325,36.95451,-17.20407991799835
sodium__if_fc_c2me,Sodium + ImmediatelyFast + FerriteCore + C2ME,immediatelyfast + ferrite-core + c2me-fabric,memory,MB,False,2179.004,2246.598,3.10205947304365
sodium__if_fc_c2me,Sodium + ImmediatelyFast + FerriteCore + C2ME,immediatelyfast + ferrite-core + c2me-fabric,network,FPS,True,47.86831,43.56327,-8.99350739560264
sodium__if_mc_c2me_bbe,Sodium + ImmediatelyFast + MoreCulling + C2ME + Better Block Entities,immediatelyfast + moreculling + c2me-fabric + better-block-entities,renderer_fps,FPS,True,18.52516,19.247705,3.9003441805630867
sodium__if_mc_c2me_bbe,Sodium + ImmediatelyFast + MoreCulling + C2ME + Better Block Entities,immediatelyfast + moreculling + c2me-fabric + better-block-entities,particle,FPS,True,32.84677,34.43752,4.842941939192191
sodium__if_mc_c2me_bbe,Sodium + ImmediatelyFast + MoreCulling + C2ME + Better Block Entities,immediatelyfast + moreculling + c2me-fabric + better-block-entities,block_entity,FPS,True,26.99954,26.4981,-1.8572168266570377
sodium__if_mc_c2me_bbe,Sodium + ImmediatelyFast + MoreCulling + C2ME + Better Block Entities,immediatelyfast + moreculling + c2me-fabric + better-block-entities,chunk_generation,FPS,True,29.52871,27.99838,-5.182515592452219
sodium__if_mc_c2me_bbe,Sodium + ImmediatelyFast + MoreCulling + C2ME + Better Block Entities,immediatelyfast + moreculling + c2me-fabric + better-block-entities,lighting,FPS,True,42.1345,37.63584,-10.676903724975972
sodium__if_mc_c2me_bbe,Sodium + ImmediatelyFast + MoreCulling + C2ME + Better Block Entities,immediatelyfast + moreculling + c2me-fabric + better-block-entities,memory,MB,False,2186.195,2237.625,2.3524891420938943
sodium__if_mc_c2me_bbe,Sodium + ImmediatelyFast + MoreCulling + C2ME + Better Block Entities,immediatelyfast + moreculling + c2me-fabric + better-block-entities,network,FPS,True,45.56526,39.08085,-14.231039173264904
sodium__if_ec_fc_c2me_bbe,Sodium + ImmediatelyFast + EntityCulling + FerriteCore + C2ME + Better Block Entities,immediatelyfast + entityculling + ferrite-core + c2me-fabric + better-block-entities,renderer_fps,FPS,True,21.430205,18.46318,-13.845061211500308
sodium__if_ec_fc_c2me_bbe,Sodium + ImmediatelyFast + EntityCulling + FerriteCore + C2ME + Better Block Entities,immediatelyfast + entityculling + ferrite-core + c2me-fabric + better-block-entities,particle,FPS,True,39.61708,36.75697,-7.219386183938847
sodium__if_ec_fc_c2me_bbe,Sodium + ImmediatelyFast + EntityCulling + FerriteCore + C2ME + Better Block Entities,immediatelyfast + entityculling + ferrite-core + c2me-fabric + better-block-entities,block_entity,FPS,True,33.30438,28.45819,-14.551209180294011
sodium__if_ec_fc_c2me_bbe,Sodium + ImmediatelyFast + EntityCulling + FerriteCore + C2ME + Better Block Entities,immediatelyfast + entityculling + ferrite-core + c2me-fabric + better-block-entities,chunk_generation,FPS,True,29.48296,31.01775,5.2056849108773395
sodium__if_ec_fc_c2me_bbe,Sodium + ImmediatelyFast + EntityCulling + FerriteCore + C2ME + Better Block Entities,immediatelyfast + entityculling + ferrite-core + c2me-fabric + better-block-entities,lighting,FPS,True,45.291,33.42266,-26.20463226689629
sodium__if_ec_fc_c2me_bbe,Sodium + ImmediatelyFast + EntityCulling + FerriteCore + C2ME + Better Block Entities,immediatelyfast + entityculling + ferrite-core + c2me-fabric + better-block-entities,memory,MB,False,2020.586,2313.41,14.492033499192791
sodium__if_ec_fc_c2me_bbe,Sodium + ImmediatelyFast + EntityCulling + FerriteCore + C2ME + Better Block Entities,immediatelyfast + entityculling + ferrite-core + c2me-fabric + better-block-entities,network,FPS,True,50.84341,37.64384,-25.961220933057017
sodium__ec_mc_fc_c2me_bo_bbe,Sodium + EntityCulling + MoreCulling + FerriteCore + C2ME + BadOptimizations + Better Block Entities,entityculling + moreculling + ferrite-core + c2me-fabric + badoptimizations + better-block-entities,renderer_fps,FPS,True,19.56213,15.498085,-20.77506386063277
sodium__ec_mc_fc_c2me_bo_bbe,Sodium + EntityCulling + MoreCulling + FerriteCore + C2ME + BadOptimizations + Better Block Entities,entityculling + moreculling + ferrite-core + c2me-fabric + badoptimizations + better-block-entities,particle,FPS,True,43.3357,35.95664,-17.027670027252363
sodium__ec_mc_fc_c2me_bo_bbe,Sodium + EntityCulling + MoreCulling + FerriteCore + C2ME + BadOptimizations + Better Block Entities,entityculling + moreculling + ferrite-core + c2me-fabric + badoptimizations + better-block-entities,block_entity,FPS,True,30.3214,28.43825,-6.210630116023664
sodium__ec_mc_fc_c2me_bo_bbe,Sodium + EntityCulling + MoreCulling + FerriteCore + C2ME + BadOptimizations + Better Block Entities,entityculling + moreculling + ferrite-core + c2me-fabric + badoptimizations + better-block-entities,chunk_generation,FPS,True,32.32109,26.7138,-17.34870327702438
sodium__ec_mc_fc_c2me_bo_bbe,Sodium + EntityCulling + MoreCulling + FerriteCore + C2ME + BadOptimizations + Better Block Entities,entityculling + moreculling + ferrite-core + c2me-fabric + badoptimizations + better-block-entities,lighting,FPS,True,42.04635,33.88548,-19.409223392755848
sodium__ec_mc_fc_c2me_bo_bbe,Sodium + EntityCulling + MoreCulling + FerriteCore + C2ME + BadOptimizations + Better Block Entities,entityculling + moreculling + ferrite-core + c2me-fabric + badoptimizations + better-block-entities,memory,MB,False,2119.598,2167.582,2.263825498986116
sodium__ec_mc_fc_c2me_bo_bbe,Sodium + EntityCulling + MoreCulling + FerriteCore + C2ME + BadOptimizations + Better Block Entities,entityculling + moreculling + ferrite-core + c2me-fabric + badoptimizations + better-block-entities,network,FPS,True,49.04566,46.36838,-5.458750070852336
sodium__if_fc_bbe,Sodium + ImmediatelyFast + FerriteCore + Better Block Entities,immediatelyfast + ferrite-core + better-block-entities,renderer_fps,FPS,True,27.19835,24.397289999999998,-10.298639439524838
sodium__if_fc_bbe,Sodium + ImmediatelyFast + FerriteCore + Better Block Entities,immediatelyfast + ferrite-core + better-block-entities,particle,FPS,True,55.49971,40.32886,-27.33500769643662
sodium__if_fc_bbe,Sodium + ImmediatelyFast + FerriteCore + Better Block Entities,immediatelyfast + ferrite-core + better-block-entities,block_entity,FPS,True,41.71883,37.9674,-8.992174516878826
sodium__if_fc_bbe,Sodium + ImmediatelyFast + FerriteCore + Better Block Entities,immediatelyfast + ferrite-core + better-block-entities,chunk_generation,FPS,True,31.18523,29.72797,-4.672917275261401
sodium__if_fc_bbe,Sodium + ImmediatelyFast + FerriteCore + Better Block Entities,immediatelyfast + ferrite-core + better-block-entities,lighting,FPS,True,54.20801,45.60963,-15.8618255862925
sodium__if_fc_bbe,Sodium + ImmediatelyFast + FerriteCore + Better Block Entities,immediatelyfast + ferrite-core + better-block-entities,memory,MB,False,2106.277,2265.516,7.5602116910548744
sodium__if_fc_bbe,Sodium + ImmediatelyFast + FerriteCore + Better Block Entities,immediatelyfast + ferrite-core + better-block-entities,network,FPS,True,49.47433,43.22063,-12.64029245065067
sodium__if_li_fc_c2me,Sodium + ImmediatelyFast + Lithium + FerriteCore + C2ME,immediatelyfast + lithium + ferrite-core + c2me-fabric,renderer_fps,FPS,True,23.327845,18.845985,-19.212490480796664
sodium__if_li_fc_c2me,Sodium + ImmediatelyFast + Lithium + FerriteCore + C2ME,immediatelyfast + lithium + ferrite-core + c2me-fabric,particle,FPS,True,42.19237,40.75079,-3.4166841066287423
sodium__if_li_fc_c2me,Sodium + ImmediatelyFast + Lithium + FerriteCore + C2ME,immediatelyfast + lithium + ferrite-core + c2me-fabric,block_entity,FPS,True,37.50315,25.84221,-31.093228168833807
sodium__if_li_fc_c2me,Sodium + ImmediatelyFast + Lithium + FerriteCore + C2ME,immediatelyfast + lithium + ferrite-core + c2me-fabric,chunk_generation,FPS,True,29.236,28.47998,-2.585921466684904
sodium__if_li_fc_c2me,Sodium + ImmediatelyFast + Lithium + FerriteCore + C2ME,immediatelyfast + lithium + ferrite-core + c2me-fabric,lighting,FPS,True,46.16995,38.92968,-15.681780032250414
sodium__if_li_fc_c2me,Sodium + ImmediatelyFast + Lithium + FerriteCore + C2ME,immediatelyfast + lithium + ferrite-core + c2me-fabric,memory,MB,False,1846.574,2103.902,13.935428528724003
sodium__if_li_fc_c2me,Sodium + ImmediatelyFast + Lithium + FerriteCore + C2ME,immediatelyfast + lithium + ferrite-core + c2me-fabric,network,FPS,True,51.101,45.02916,-11.882037533512069
sodium__if_ec_c2me_bo_bbe,Sodium + ImmediatelyFast + EntityCulling + C2ME + BadOptimizations + Better Block Entities,immediatelyfast + entityculling + c2me-fabric + badoptimizations + better-block-entities,renderer_fps,FPS,True,21.47765,19.18947,-10.653772642723947
sodium__if_ec_c2me_bo_bbe,Sodium + ImmediatelyFast + EntityCulling + C2ME + BadOptimizations + Better Block Entities,immediatelyfast + entityculling + c2me-fabric + badoptimizations + better-block-entities,particle,FPS,True,40.29521,40.13324,-0.401958446177586
sodium__if_ec_c2me_bo_bbe,Sodium + ImmediatelyFast + EntityCulling + C2ME + BadOptimizations + Better Block Entities,immediatelyfast + entityculling + c2me-fabric + badoptimizations + better-block-entities,block_entity,FPS,True,30.68354,26.91172,-12.29264941398548
sodium__if_ec_c2me_bo_bbe,Sodium + ImmediatelyFast + EntityCulling + C2ME + BadOptimizations + Better Block Entities,immediatelyfast + entityculling + c2me-fabric + badoptimizations + better-block-entities,chunk_generation,FPS,True,31.94404,24.36248,-23.73387962198895
sodium__if_ec_c2me_bo_bbe,Sodium + ImmediatelyFast + EntityCulling + C2ME + BadOptimizations + Better Block Entities,immediatelyfast + entityculling + c2me-fabric + badoptimizations + better-block-entities,lighting,FPS,True,43.33966,34.59321,-20.18116893395103
sodium__if_ec_c2me_bo_bbe,Sodium + ImmediatelyFast + EntityCulling + C2ME + BadOptimizations + Better Block Entities,immediatelyfast + entityculling + c2me-fabric + badoptimizations + better-block-entities,memory,MB,False,2171.168,2129.016,-1.9414434995357333
sodium__if_ec_c2me_bo_bbe,Sodium + ImmediatelyFast + EntityCulling + C2ME + BadOptimizations + Better Block Entities,immediatelyfast + entityculling + c2me-fabric + badoptimizations + better-block-entities,network,FPS,True,51.13631,41.43977,-18.962142555847304
sodium__mc_li_fc_c2me_bo_bbe,Sodium + MoreCulling + Lithium + FerriteCore + C2ME + BadOptimizations + Better Block Entities,moreculling + lithium + ferrite-core + c2me-fabric + badoptimizations + better-block-entities,renderer_fps,FPS,True,18.82291,19.197045,1.9876575938576835
sodium__mc_li_fc_c2me_bo_bbe,Sodium + MoreCulling + Lithium + FerriteCore + C2ME + BadOptimizations + Better Block Entities,moreculling + lithium + ferrite-core + c2me-fabric + badoptimizations + better-block-entities,particle,FPS,True,38.70451,34.87987,-9.88163911647506
sodium__mc_li_fc_c2me_bo_bbe,Sodium + MoreCulling + Lithium + FerriteCore + C2ME + BadOptimizations + Better Block Entities,moreculling + lithium + ferrite-core + c2me-fabric + badoptimizations + better-block-entities,block_entity,FPS,True,27.8315,32.81829,17.91779099222104
sodium__mc_li_fc_c2me_bo_bbe,Sodium + MoreCulling + Lithium + FerriteCore + C2ME + BadOptimizations + Better Block Entities,moreculling + lithium + ferrite-core + c2me-fabric + badoptimizations + better-block-entities,chunk_generation,FPS,True,30.81757,28.84352,-6.405599143605412
sodium__mc_li_fc_c2me_bo_bbe,Sodium + MoreCulling + Lithium + FerriteCore + C2ME + BadOptimizations + Better Block Entities,moreculling + lithium + ferrite-core + c2me-fabric + badoptimizations + better-block-entities,lighting,FPS,True,42.0342,41.68475,-0.8313468556556236
sodium__mc_li_fc_c2me_bo_bbe,Sodium + MoreCulling + Lithium + FerriteCore + C2ME + BadOptimizations + Better Block Entities,moreculling + lithium + ferrite-core + c2me-fabric + badoptimizations + better-block-entities,memory,MB,False,1873.43,2075.777,10.80088394015255
sodium__mc_li_fc_c2me_bo_bbe,Sodium + MoreCulling + Lithium + FerriteCore + C2ME + BadOptimizations + Better Block Entities,moreculling + lithium + ferrite-core + c2me-fabric + badoptimizations + better-block-entities,network,FPS,True,48.63173,40.82125,-16.06046093774579
sodium__if_c2me_bo,Sodium + ImmediatelyFast + C2ME + BadOptimizations,immediatelyfast + c2me-fabric + badoptimizations,renderer_fps,FPS,True,9.83525,10.03122,1.9925268803538287
sodium__if_c2me_bo,Sodium + ImmediatelyFast + C2ME + BadOptimizations,immediatelyfast + c2me-fabric + badoptimizations,particle,FPS,True,18.33631,23.34488,27.31503775841486
sodium__if_c2me_bo,Sodium + ImmediatelyFast + C2ME + BadOptimizations,immediatelyfast + c2me-fabric + badoptimizations,block_entity,FPS,True,12.73265,14.25141,11.928074674164456
sodium__if_c2me_bo,Sodium + ImmediatelyFast + C2ME + BadOptimizations,immediatelyfast + c2me-fabric + badoptimizations,chunk_generation,FPS,True,20.76383,23.76319,14.445119228966918
sodium__if_c2me_bo,Sodium + ImmediatelyFast + C2ME + BadOptimizations,immediatelyfast + c2me-fabric + badoptimizations,lighting,FPS,True,18.12523,18.18745,0.34327840253614017
sodium__if_c2me_bo,Sodium + ImmediatelyFast + C2ME + BadOptimizations,immediatelyfast + c2me-fabric + badoptimizations,memory,MB,False,1894.34,2045.477,7.978346020249805
sodium__if_c2me_bo,Sodium + ImmediatelyFast + C2ME + BadOptimizations,immediatelyfast + c2me-fabric + badoptimizations,network,FPS,True,19.14474,20.53356,7.25431632918494
sodium__if_li_fc_bo,Sodium + ImmediatelyFast + Lithium + FerriteCore + BadOptimizations,immediatelyfast + lithium + ferrite-core + badoptimizations,renderer_fps,FPS,True,18.374634999999998,15.885435,-13.546935762261391
sodium__if_li_fc_bo,Sodium + ImmediatelyFast + Lithium + FerriteCore + BadOptimizations,immediatelyfast + lithium + ferrite-core + badoptimizations,particle,FPS,True,44.52362,33.47373,-24.818040401925977
sodium__if_li_fc_bo,Sodium + ImmediatelyFast + Lithium + FerriteCore + BadOptimizations,immediatelyfast + lithium + ferrite-core + badoptimizations,block_entity,FPS,True,31.0198,29.55781,-4.713086480248096
sodium__if_li_fc_bo,Sodium + ImmediatelyFast + Lithium + FerriteCore + BadOptimizations,immediatelyfast + lithium + ferrite-core + badoptimizations,chunk_generation,FPS,True,21.83167,22.52917,3.194899886266156
sodium__if_li_fc_bo,Sodium + ImmediatelyFast + Lithium + FerriteCore + BadOptimizations,immediatelyfast + lithium + ferrite-core + badoptimizations,lighting,FPS,True,36.61379,36.9484,0.913890640657522
sodium__if_li_fc_bo,Sodium + ImmediatelyFast + Lithium + FerriteCore + BadOptimizations,immediatelyfast + lithium + ferrite-core + badoptimizations,memory,MB,False,1797.648,1835.039,2.0799956387457463
sodium__if_li_fc_bo,Sodium + ImmediatelyFast + Lithium + FerriteCore + BadOptimizations,immediatelyfast + lithium + ferrite-core + badoptimizations,network,FPS,True,41.36529,35.82393,-13.396158953557446
sodium__if_mc_li_fc_c2me,Sodium + ImmediatelyFast + MoreCulling + Lithium + FerriteCore + C2ME,immediatelyfast + moreculling + lithium + ferrite-core + c2me-fabric,renderer_fps,FPS,True,12.468105000000001,9.81925,-21.245048866688244
sodium__if_mc_li_fc_c2me,Sodium + ImmediatelyFast + MoreCulling + Lithium + FerriteCore + C2ME,immediatelyfast + moreculling + lithium + ferrite-core + c2me-fabric,particle,FPS,True,17.62679,17.60655,-0.11482521775094678
sodium__if_mc_li_fc_c2me,Sodium + ImmediatelyFast + MoreCulling + Lithium + FerriteCore + C2ME,immediatelyfast + moreculling + lithium + ferrite-core + c2me-fabric,block_entity,FPS,True,14.45616,17.20396,19.007813969961585
sodium__if_mc_li_fc_c2me,Sodium + ImmediatelyFast + MoreCulling + Lithium + FerriteCore + C2ME,immediatelyfast + moreculling + lithium + ferrite-core + c2me-fabric,chunk_generation,FPS,True,22.19018,22.58131,1.7626265311953215
sodium__if_mc_li_fc_c2me,Sodium + ImmediatelyFast + MoreCulling + Lithium + FerriteCore + C2ME,immediatelyfast + moreculling + lithium + ferrite-core + c2me-fabric,lighting,FPS,True,20.84342,21.06172,1.047332923291866
sodium__if_mc_li_fc_c2me,Sodium + ImmediatelyFast + MoreCulling + Lithium + FerriteCore + C2ME,immediatelyfast + moreculling + lithium + ferrite-core + c2me-fabric,memory,MB,False,1861.359,1895.145,1.8151254003123451
sodium__if_mc_li_fc_c2me,Sodium + ImmediatelyFast + MoreCulling + Lithium + FerriteCore + C2ME,immediatelyfast + moreculling + lithium + ferrite-core + c2me-fabric,network,FPS,True,26.48189,19.60568,-25.965707130420068
sodium__if_ec_mc_li_fc_c2me_bo,Sodium + ImmediatelyFast + EntityCulling + MoreCulling + Lithium + FerriteCore + C2ME + BadOptimizations,immediatelyfast + entityculling + moreculling + lithium + ferrite-core + c2me-fabric + badoptimizations,renderer_fps,FPS,True,12.278514999999999,10.6005,-13.6662699031601
sodium__if_ec_mc_li_fc_c2me_bo,Sodium + ImmediatelyFast + EntityCulling + MoreCulling + Lithium + FerriteCore + C2ME + BadOptimizations,immediatelyfast + entityculling + moreculling + lithium + ferrite-core + c2me-fabric + badoptimizations,particle,FPS,True,24.5412,21.23692,-13.464215278796466
sodium__if_ec_mc_li_fc_c2me_bo,Sodium + ImmediatelyFast + EntityCulling + MoreCulling + Lithium + FerriteCore + C2ME + BadOptimizations,immediatelyfast + entityculling + moreculling + lithium + ferrite-core + c2me-fabric + badoptimizations,block_entity,FPS,True,18.20675,14.42789,-20.755269336921746
sodium__if_ec_mc_li_fc_c2me_bo,Sodium + ImmediatelyFast + EntityCulling + MoreCulling + Lithium + FerriteCore + C2ME + BadOptimizations,immediatelyfast + entityculling + moreculling + lithium + ferrite-core + c2me-fabric + badoptimizations,chunk_generation,FPS,True,24.09312,20.07789,-16.665463003546233
sodium__if_ec_mc_li_fc_c2me_bo,Sodium + ImmediatelyFast + EntityCulling + MoreCulling + Lithium + FerriteCore + C2ME + BadOptimizations,immediatelyfast + entityculling + moreculling + lithium + ferrite-core + c2me-fabric + badoptimizations,lighting,FPS,True,21.28663,20.03399,-5.884632748349549
sodium__if_ec_mc_li_fc_c2me_bo,Sodium + ImmediatelyFast + EntityCulling + MoreCulling + Lithium + FerriteCore + C2ME + BadOptimizations,immediatelyfast + entityculling + moreculling + lithium + ferrite-core + c2me-fabric + badoptimizations,memory,MB,False,1953.988,1908.953,-2.30477362194651
sodium__if_ec_mc_li_fc_c2me_bo,Sodium + ImmediatelyFast + EntityCulling + MoreCulling + Lithium + FerriteCore + C2ME + BadOptimizations,immediatelyfast + entityculling + moreculling + lithium + ferrite-core + c2me-fabric + badoptimizations,network,FPS,True,28.82118,20.78543,-27.881405272095027
sodium__if_c2me_bbe,Sodium + ImmediatelyFast + C2ME + Better Block Entities,immediatelyfast + c2me-fabric + better-block-entities,renderer_fps,FPS,True,8.71889,9.80456,12.451929087303547
sodium__if_c2me_bbe,Sodium + ImmediatelyFast + C2ME + Better Block Entities,immediatelyfast + c2me-fabric + better-block-entities,particle,FPS,True,24.59867,19.92876,-18.984400376117893
sodium__if_c2me_bbe,Sodium + ImmediatelyFast + C2ME + Better Block Entities,immediatelyfast + c2me-fabric + better-block-entities,block_entity,FPS,True,16.21319,14.99454,-7.516411020903357
sodium__if_c2me_bbe,Sodium + ImmediatelyFast + C2ME + Better Block Entities,immediatelyfast + c2me-fabric + better-block-entities,chunk_generation,FPS,True,25.21257,21.73685,-13.785663262412362
sodium__if_c2me_bbe,Sodium + ImmediatelyFast + C2ME + Better Block Entities,immediatelyfast + c2me-fabric + better-block-entities,lighting,FPS,True,21.58705,20.64791,-4.350478643445966
sodium__if_c2me_bbe,Sodium + ImmediatelyFast + C2ME + Better Block Entities,immediatelyfast + c2me-fabric + better-block-entities,memory,MB,False,1938.938,2187.152,12.801543937970173
sodium__if_c2me_bbe,Sodium + ImmediatelyFast + C2ME + Better Block Entities,immediatelyfast + c2me-fabric + better-block-entities,network,FPS,True,20.09846,24.39011,21.35312854815743
sodium__if_li_fc_bbe,Sodium + ImmediatelyFast + Lithium + FerriteCore + Better Block Entities,immediatelyfast + lithium + ferrite-core + better-block-entities,renderer_fps,FPS,True,16.20411,14.132249999999999,-12.786015399796725
sodium__if_li_fc_bbe,Sodium + ImmediatelyFast + Lithium + FerriteCore + Better Block Entities,immediatelyfast + lithium + ferrite-core + better-block-entities,particle,FPS,True,32.28252,30.65945,-5.027705395985194
sodium__if_li_fc_bbe,Sodium + ImmediatelyFast + Lithium + FerriteCore + Better Block Entities,immediatelyfast + lithium + ferrite-core + better-block-entities,block_entity,FPS,True,26.35158,26.82722,1.8049771588648733
sodium__if_li_fc_bbe,Sodium + ImmediatelyFast + Lithium + FerriteCore + Better Block Entities,immediatelyfast + lithium + ferrite-core + better-block-entities,chunk_generation,FPS,True,20.56196,19.47768,-5.2732327073878205
sodium__if_li_fc_bbe,Sodium + ImmediatelyFast + Lithium + FerriteCore + Better Block Entities,immediatelyfast + lithium + ferrite-core + better-block-entities,lighting,FPS,True,39.97224,32.19104,-19.466509757771888
sodium__if_li_fc_bbe,Sodium + ImmediatelyFast + Lithium + FerriteCore + Better Block Entities,immediatelyfast + lithium + ferrite-core + better-block-entities,memory,MB,False,1820.961,1882.074,3.3560850561873634
sodium__if_li_fc_bbe,Sodium + ImmediatelyFast + Lithium + FerriteCore + Better Block Entities,immediatelyfast + lithium + ferrite-core + better-block-entities,network,FPS,True,39.41695,35.49841,-9.941256236213103
sodium__if_mc_li_fc_bo,Sodium + ImmediatelyFast + MoreCulling + Lithium + FerriteCore + BadOptimizations,immediatelyfast + moreculling + lithium + ferrite-core + badoptimizations,renderer_fps,FPS,True,15.5014,13.89448,-10.366289496432579
sodium__if_mc_li_fc_bo,Sodium + ImmediatelyFast + MoreCulling + Lithium + FerriteCore + BadOptimizations,immediatelyfast + moreculling + lithium + ferrite-core + badoptimizations,particle,FPS,True,32.88128,26.87028,-18.28091850438911
sodium__if_mc_li_fc_bo,Sodium + ImmediatelyFast + MoreCulling + Lithium + FerriteCore + BadOptimizations,immediatelyfast + moreculling + lithium + ferrite-core + badoptimizations,block_entity,FPS,True,23.85401,24.31305,1.924372464000812
sodium__if_mc_li_fc_bo,Sodium + ImmediatelyFast + MoreCulling + Lithium + FerriteCore + BadOptimizations,immediatelyfast + moreculling + lithium + ferrite-core + badoptimizations,chunk_generation,FPS,True,24.41418,22.00437,-9.870534255092734
sodium__if_mc_li_fc_bo,Sodium + ImmediatelyFast + MoreCulling + Lithium + FerriteCore + BadOptimizations,immediatelyfast + moreculling + lithium + ferrite-core + badoptimizations,lighting,FPS,True,29.29982,32.79946,11.944237200092033
sodium__if_mc_li_fc_bo,Sodium + ImmediatelyFast + MoreCulling + Lithium + FerriteCore + BadOptimizations,immediatelyfast + moreculling + lithium + ferrite-core + badoptimizations,memory,MB,False,1866.859,1956.844,4.820128354632036
sodium__if_mc_li_fc_bo,Sodium + ImmediatelyFast + MoreCulling + Lithium + FerriteCore + BadOptimizations,immediatelyfast + moreculling + lithium + ferrite-core + badoptimizations,network,FPS,True,43.80092,35.42694,-19.118274228029907
sodium__if_ec_mc_li_fc_c2me_bbe,Sodium + ImmediatelyFast + EntityCulling + MoreCulling + Lithium + FerriteCore + C2ME + Better Block Entities,immediatelyfast + entityculling + moreculling + lithium + ferrite-core + c2me-fabric + better-block-entities,renderer_fps,FPS,True,12.732904999999999,9.94199,-21.91891795313009
sodium__if_ec_mc_li_fc_c2me_bbe,Sodium + ImmediatelyFast + EntityCulling + MoreCulling + Lithium + FerriteCore + C2ME + Better Block Entities,immediatelyfast + entityculling + moreculling + lithium + ferrite-core + c2me-fabric + better-block-entities,particle,FPS,True,23.90495,17.00737,-28.85419128674186
sodium__if_ec_mc_li_fc_c2me_bbe,Sodium + ImmediatelyFast + EntityCulling + MoreCulling + Lithium + FerriteCore + C2ME + Better Block Entities,immediatelyfast + entityculling + moreculling + lithium + ferrite-core + c2me-fabric + better-block-entities,block_entity,FPS,True,17.45266,13.85024,-20.641094251535307
sodium__if_ec_mc_li_fc_c2me_bbe,Sodium + ImmediatelyFast + EntityCulling + MoreCulling + Lithium + FerriteCore + C2ME + Better Block Entities,immediatelyfast + entityculling + moreculling + lithium + ferrite-core + c2me-fabric + better-block-entities,chunk_generation,FPS,True,22.3695,19.50113,-12.822682670600594
sodium__if_ec_mc_li_fc_c2me_bbe,Sodium + ImmediatelyFast + EntityCulling + MoreCulling + Lithium + FerriteCore + C2ME + Better Block Entities,immediatelyfast + entityculling + moreculling + lithium + ferrite-core + c2me-fabric + better-block-entities,lighting,FPS,True,19.92887,16.95394,-14.92774050912069
sodium__if_ec_mc_li_fc_c2me_bbe,Sodium + ImmediatelyFast + EntityCulling + MoreCulling + Lithium + FerriteCore + C2ME + Better Block Entities,immediatelyfast + entityculling + moreculling + lithium + ferrite-core + c2me-fabric + better-block-entities,memory,MB,False,2067.305,2183.375,5.61455614918942
sodium__if_ec_mc_li_fc_c2me_bbe,Sodium + ImmediatelyFast + EntityCulling + MoreCulling + Lithium + FerriteCore + C2ME + Better Block Entities,immediatelyfast + entityculling + moreculling + lithium + ferrite-core + c2me-fabric + better-block-entities,network,FPS,True,25.50895,21.11604,-17.22105378700416
sodium__ec_mc_li,Sodium + EntityCulling + MoreCulling + Lithium,entityculling + moreculling + lithium,renderer_fps,FPS,True,14.5417,12.8796,-11.429887839798647
sodium__ec_mc_li,Sodium + EntityCulling + MoreCulling + Lithium,entityculling + moreculling + lithium,particle,FPS,True,33.954,27.08216,-20.238675855569312
sodium__ec_mc_li,Sodium + EntityCulling + MoreCulling + Lithium,entityculling + moreculling + lithium,block_entity,FPS,True,22.46662,23.52819,4.725098835516861
sodium__ec_mc_li,Sodium + EntityCulling + MoreCulling + Lithium,entityculling + moreculling + lithium,chunk_generation,FPS,True,23.57172,20.67317,-12.296726755620725
sodium__ec_mc_li,Sodium + EntityCulling + MoreCulling + Lithium,entityculling + moreculling + lithium,lighting,FPS,True,36.59719,31.62878,-13.575933015622233
sodium__ec_mc_li,Sodium + EntityCulling + MoreCulling + Lithium,entityculling + moreculling + lithium,memory,MB,False,1988.074,1860.887,-6.397498282257108
sodium__ec_mc_li,Sodium + EntityCulling + MoreCulling + Lithium,entityculling + moreculling + lithium,network,FPS,True,30.86128,29.39899,-4.738267498950144
sodium__if_li_c2me_bbe,Sodium + ImmediatelyFast + Lithium + C2ME + Better Block Entities,immediatelyfast + lithium + c2me-fabric + better-block-entities,renderer_fps,FPS,True,12.69041,10.291945,-18.89982277956347
sodium__if_li_c2me_bbe,Sodium + ImmediatelyFast + Lithium + C2ME + Better Block Entities,immediatelyfast + lithium + c2me-fabric + better-block-entities,particle,FPS,True,18.96409,16.42797,-13.373275490677383
sodium__if_li_c2me_bbe,Sodium + ImmediatelyFast + Lithium + C2ME + Better Block Entities,immediatelyfast + lithium + c2me-fabric + better-block-entities,block_entity,FPS,True,15.89651,13.4489,-15.397153211616887
sodium__if_li_c2me_bbe,Sodium + ImmediatelyFast + Lithium + C2ME + Better Block Entities,immediatelyfast + lithium + c2me-fabric + better-block-entities,chunk_generation,FPS,True,19.7488,18.96566,-3.9655067649679965
sodium__if_li_c2me_bbe,Sodium + ImmediatelyFast + Lithium + C2ME + Better Block Entities,immediatelyfast + lithium + c2me-fabric + better-block-entities,lighting,FPS,True,18.97328,18.45041,-2.7558229257144684
sodium__if_li_c2me_bbe,Sodium + ImmediatelyFast + Lithium + C2ME + Better Block Entities,immediatelyfast + lithium + c2me-fabric + better-block-entities,memory,MB,False,1830.055,1904.738,4.08091560089725
sodium__if_li_c2me_bbe,Sodium + ImmediatelyFast + Lithium + C2ME + Better Block Entities,immediatelyfast + lithium + c2me-fabric + better-block-entities,network,FPS,True,23.01609,22.44716,-2.4718794547640255
sodium__if_mc_li_c2me_bo,Sodium + ImmediatelyFast + MoreCulling + Lithium + C2ME + BadOptimizations,immediatelyfast + moreculling + lithium + c2me-fabric + badoptimizations,renderer_fps,FPS,True,10.54353,9.891445,-6.184693361710936
sodium__if_mc_li_c2me_bo,Sodium + ImmediatelyFast + MoreCulling + Lithium + C2ME + BadOptimizations,immediatelyfast + moreculling + lithium + c2me-fabric + badoptimizations,particle,FPS,True,18.57625,16.90638,-8.989273938496755
sodium__if_mc_li_c2me_bo,Sodium + ImmediatelyFast + MoreCulling + Lithium + C2ME + BadOptimizations,immediatelyfast + moreculling + lithium + c2me-fabric + badoptimizations,block_entity,FPS,True,14.93664,13.04269,-12.679893202219505
sodium__if_mc_li_c2me_bo,Sodium + ImmediatelyFast + MoreCulling + Lithium + C2ME + BadOptimizations,immediatelyfast + moreculling + lithium + c2me-fabric + badoptimizations,chunk_generation,FPS,True,20.06592,21.96064,9.442477593850684
sodium__if_mc_li_c2me_bo,Sodium + ImmediatelyFast + MoreCulling + Lithium + C2ME + BadOptimizations,immediatelyfast + moreculling + lithium + c2me-fabric + badoptimizations,lighting,FPS,True,21.0509,20.69562,-1.6877188148725075
sodium__if_mc_li_c2me_bo,Sodium + ImmediatelyFast + MoreCulling + Lithium + C2ME + BadOptimizations,immediatelyfast + moreculling + lithium + c2me-fabric + badoptimizations,memory,MB,False,1872.215,2043.184,9.131910597874704
sodium__if_mc_li_c2me_bo,Sodium + ImmediatelyFast + MoreCulling + Lithium + C2ME + BadOptimizations,immediatelyfast + moreculling + lithium + c2me-fabric + badoptimizations,network,FPS,True,21.81916,22.55604,3.377215254849397
sodium__if_ec_mc_li_c2me_bo_bbe,Sodium + ImmediatelyFast + EntityCulling + MoreCulling + Lithium + C2ME + BadOptimizations + Better Block Entities,immediatelyfast + entityculling + moreculling + lithium + c2me-fabric + badoptimizations + better-block-entities,renderer_fps,FPS,True,12.613019999999999,9.478555,-24.851026954686496
sodium__if_ec_mc_li_c2me_bo_bbe,Sodium + ImmediatelyFast + EntityCulling + MoreCulling + Lithium + C2ME + BadOptimizations + Better Block Entities,immediatelyfast + entityculling + moreculling + lithium + c2me-fabric + badoptimizations + better-block-entities,particle,FPS,True,23.01762,19.17716,-16.684870112548555
sodium__if_ec_mc_li_c2me_bo_bbe,Sodium + ImmediatelyFast + EntityCulling + MoreCulling + Lithium + C2ME + BadOptimizations + Better Block Entities,immediatelyfast + entityculling + moreculling + lithium + c2me-fabric + badoptimizations + better-block-entities,block_entity,FPS,True,19.41368,16.04107,-17.372337444523644
sodium__if_ec_mc_li_c2me_bo_bbe,Sodium + ImmediatelyFast + EntityCulling + MoreCulling + Lithium + C2ME + BadOptimizations + Better Block Entities,immediatelyfast + entityculling + moreculling + lithium + c2me-fabric + badoptimizations + better-block-entities,chunk_generation,FPS,True,20.96416,18.99016,-9.41607009295865
sodium__if_ec_mc_li_c2me_bo_bbe,Sodium + ImmediatelyFast + EntityCulling + MoreCulling + Lithium + C2ME + BadOptimizations + Better Block Entities,immediatelyfast + entityculling + moreculling + lithium + c2me-fabric + badoptimizations + better-block-entities,lighting,FPS,True,24.33413,22.5492,-7.335088618331531
sodium__if_ec_mc_li_c2me_bo_bbe,Sodium + ImmediatelyFast + EntityCulling + MoreCulling + Lithium + C2ME + BadOptimizations + Better Block Entities,immediatelyfast + entityculling + moreculling + lithium + c2me-fabric + badoptimizations + better-block-entities,memory,MB,False,1891.242,2057.273,8.778939977009825
sodium__if_ec_mc_li_c2me_bo_bbe,Sodium + ImmediatelyFast + EntityCulling + MoreCulling + Lithium + C2ME + BadOptimizations + Better Block Entities,immediatelyfast + entityculling + moreculling + lithium + c2me-fabric + badoptimizations + better-block-entities,network,FPS,True,29.81907,20.23929,-32.12635404122261
sodium__ec_mc_fc,Sodium + EntityCulling + MoreCulling + FerriteCore,entityculling + moreculling + ferrite-core,renderer_fps,FPS,True,12.012495000000001,13.47495,12.17444835564967
sodium__ec_mc_fc,Sodium + EntityCulling + MoreCulling + FerriteCore,entityculling + moreculling + ferrite-core,particle,FPS,True,34.27187,28.42062,-17.07303978452299
sodium__ec_mc_fc,Sodium + EntityCulling + MoreCulling + FerriteCore,entityculling + moreculling + ferrite-core,block_entity,FPS,True,28.76449,23.67829,-17.68221859660991
sodium__ec_mc_fc,Sodium + EntityCulling + MoreCulling + FerriteCore,entityculling + moreculling + ferrite-core,chunk_generation,FPS,True,22.55531,20.43105,-9.418004008812119
sodium__ec_mc_fc,Sodium + EntityCulling + MoreCulling + FerriteCore,entityculling + moreculling + ferrite-core,lighting,FPS,True,37.5916,32.72932,-12.934485363751469
sodium__ec_mc_fc,Sodium + EntityCulling + MoreCulling + FerriteCore,entityculling + moreculling + ferrite-core,memory,MB,False,1805.383,1922.688,6.497513270037447
sodium__ec_mc_fc,Sodium + EntityCulling + MoreCulling + FerriteCore,entityculling + moreculling + ferrite-core,network,FPS,True,37.84107,34.96023,-7.612998258241643
sodium__if_li_bo_bbe,Sodium + ImmediatelyFast + Lithium + BadOptimizations + Better Block Entities,immediatelyfast + lithium + badoptimizations + better-block-entities,renderer_fps,FPS,True,19.236165,16.628465,-13.556236391193366
sodium__if_li_bo_bbe,Sodium + ImmediatelyFast + Lithium + BadOptimizations + Better Block Entities,immediatelyfast + lithium + badoptimizations + better-block-entities,particle,FPS,True,41.32443,35.36284,-14.426309086416921
sodium__if_li_bo_bbe,Sodium + ImmediatelyFast + Lithium + BadOptimizations + Better Block Entities,immediatelyfast + lithium + badoptimizations + better-block-entities,block_entity,FPS,True,32.22681,29.26319,-9.196132040372596
sodium__if_li_bo_bbe,Sodium + ImmediatelyFast + Lithium + BadOptimizations + Better Block Entities,immediatelyfast + lithium + badoptimizations + better-block-entities,chunk_generation,FPS,True,26.87265,23.80691,-11.408402223078118
sodium__if_li_bo_bbe,Sodium + ImmediatelyFast + Lithium + BadOptimizations + Better Block Entities,immediatelyfast + lithium + badoptimizations + better-block-entities,lighting,FPS,True,46.21999,37.80452,-18.207424969152974
sodium__if_li_bo_bbe,Sodium + ImmediatelyFast + Lithium + BadOptimizations + Better Block Entities,immediatelyfast + lithium + badoptimizations + better-block-entities,memory,MB,False,1776.191,1865.711,5.0399985136733605
sodium__if_li_bo_bbe,Sodium + ImmediatelyFast + Lithium + BadOptimizations + Better Block Entities,immediatelyfast + lithium + badoptimizations + better-block-entities,network,FPS,True,41.99756,36.99228,-11.918025713874803
sodium__if_mc_li_c2me_bbe,Sodium + ImmediatelyFast + MoreCulling + Lithium + C2ME + Better Block Entities,immediatelyfast + moreculling + lithium + c2me-fabric + better-block-entities,renderer_fps,FPS,True,13.796050000000001,12.504975,-9.358294584319427
sodium__if_mc_li_c2me_bbe,Sodium + ImmediatelyFast + MoreCulling + Lithium + C2ME + Better Block Entities,immediatelyfast + moreculling + lithium + c2me-fabric + better-block-entities,particle,FPS,True,24.2083,19.7834,-18.27844169148598
sodium__if_mc_li_c2me_bbe,Sodium + ImmediatelyFast + MoreCulling + Lithium + C2ME + Better Block Entities,immediatelyfast + moreculling + lithium + c2me-fabric + better-block-entities,block_entity,FPS,True,15.23071,18.65536,22.4851631998771
sodium__if_mc_li_c2me_bbe,Sodium + ImmediatelyFast + MoreCulling + Lithium + C2ME + Better Block Entities,immediatelyfast + moreculling + lithium + c2me-fabric + better-block-entities,chunk_generation,FPS,True,23.59939,23.62206,0.09606180498733519
sodium__if_mc_li_c2me_bbe,Sodium + ImmediatelyFast + MoreCulling + Lithium + C2ME + Better Block Entities,immediatelyfast + moreculling + lithium + c2me-fabric + better-block-entities,lighting,FPS,True,19.80732,23.6487,19.393739284264598
sodium__if_mc_li_c2me_bbe,Sodium + ImmediatelyFast + MoreCulling + Lithium + C2ME + Better Block Entities,immediatelyfast + moreculling + lithium + c2me-fabric + better-block-entities,memory,MB,False,1869.844,2300.074,23.008871328303314
sodium__if_mc_li_c2me_bbe,Sodium + ImmediatelyFast + MoreCulling + Lithium + C2ME + Better Block Entities,immediatelyfast + moreculling + lithium + c2me-fabric + better-block-entities,network,FPS,True,23.4219,28.26309,20.669501620278453
sodium__if_ec_mc_fc_c2me_bo_bbe,Sodium + ImmediatelyFast + EntityCulling + MoreCulling + FerriteCore + C2ME + BadOptimizations + Better Block Entities,immediatelyfast + entityculling + moreculling + ferrite-core + c2me-fabric + badoptimizations + better-block-entities,renderer_fps,FPS,True,13.59454,11.25165,-17.234051317661358
sodium__if_ec_mc_fc_c2me_bo_bbe,Sodium + ImmediatelyFast + EntityCulling + MoreCulling + FerriteCore + C2ME + BadOptimizations + Better Block Entities,immediatelyfast + entityculling + moreculling + ferrite-core + c2me-fabric + badoptimizations + better-block-entities,particle,FPS,True,22.97331,21.12496,-8.045640789246299
sodium__if_ec_mc_fc_c2me_bo_bbe,Sodium + ImmediatelyFast + EntityCulling + MoreCulling + FerriteCore + C2ME + BadOptimizations + Better Block Entities,immediatelyfast + entityculling + moreculling + ferrite-core + c2me-fabric + badoptimizations + better-block-entities,block_entity,FPS,True,17.21038,15.1536,-11.950811080289913
sodium__if_ec_mc_fc_c2me_bo_bbe,Sodium + ImmediatelyFast + EntityCulling + MoreCulling + FerriteCore + C2ME + BadOptimizations + Better Block Entities,immediatelyfast + entityculling + moreculling + ferrite-core + c2me-fabric + badoptimizations + better-block-entities,chunk_generation,FPS,True,22.86813,22.55754,-1.3581783906248646
sodium__if_ec_mc_fc_c2me_bo_bbe,Sodium + ImmediatelyFast + EntityCulling + MoreCulling + FerriteCore + C2ME + BadOptimizations + Better Block Entities,immediatelyfast + entityculling + moreculling + ferrite-core + c2me-fabric + badoptimizations + better-block-entities,lighting,FPS,True,23.93337,19.2121,-19.72672465265025
sodium__if_ec_mc_fc_c2me_bo_bbe,Sodium + ImmediatelyFast + EntityCulling + MoreCulling + FerriteCore + C2ME + BadOptimizations + Better Block Entities,immediatelyfast + entityculling + moreculling + ferrite-core + c2me-fabric + badoptimizations + better-block-entities,memory,MB,False,1987.566,2228.332,12.113610315330403
sodium__if_ec_mc_fc_c2me_bo_bbe,Sodium + ImmediatelyFast + EntityCulling + MoreCulling + FerriteCore + C2ME + BadOptimizations + Better Block Entities,immediatelyfast + entityculling + moreculling + ferrite-core + c2me-fabric + badoptimizations + better-block-entities,network,FPS,True,25.71859,26.7378,3.9629310938119167
sodium__c2me,Sodium + C2ME,c2me-fabric,renderer_fps,FPS,True,29.88544,25.839745,-13.537344606604417
sodium__c2me,Sodium + C2ME,c2me-fabric,particle,FPS,True,62.99723,53.68364,-14.78412622269265
sodium__c2me,Sodium + C2ME,c2me-fabric,block_entity,FPS,True,46.33451,36.31546,-21.623299782386816
sodium__c2me,Sodium + C2ME,c2me-fabric,chunk_generation,FPS,True,36.69003,32.64534,-11.023948467744516
sodium__c2me,Sodium + C2ME,c2me-fabric,lighting,FPS,True,61.27756,56.41827,-7.929966532609978
sodium__c2me,Sodium + C2ME,c2me-fabric,memory,MB,False,2172.617,2371.059,9.133777375395669
sodium__c2me,Sodium + C2ME,c2me-fabric,network,FPS,True,70.77998,58.73915,-17.01163238531572
sodium__ec_c2me_bo,Sodium + EntityCulling + C2ME + BadOptimizations,entityculling + c2me-fabric + badoptimizations,renderer_fps,FPS,True,31.87664,28.91874,-9.279208850117193
sodium__ec_c2me_bo,Sodium + EntityCulling + C2ME + BadOptimizations,entityculling + c2me-fabric + badoptimizations,particle,FPS,True,65.65616,60.4348,-7.952582057799296
sodium__ec_c2me_bo,Sodium + EntityCulling + C2ME + BadOptimizations,entityculling + c2me-fabric + badoptimizations,block_entity,FPS,True,46.23955,46.16055,-0.17084941354317262
sodium__ec_c2me_bo,Sodium + EntityCulling + C2ME + BadOptimizations,entityculling + c2me-fabric + badoptimizations,chunk_generation,FPS,True,38.70535,34.87805,-9.888297095879517
sodium__ec_c2me_bo,Sodium + EntityCulling + C2ME + BadOptimizations,entityculling + c2me-fabric + badoptimizations,lighting,FPS,True,56.78332,58.8297,3.6038400009016813
sodium__ec_c2me_bo,Sodium + EntityCulling + C2ME + BadOptimizations,entityculling + c2me-fabric + badoptimizations,memory,MB,False,2371.961,2048.625,-13.631590064086208
sodium__ec_c2me_bo,Sodium + EntityCulling + C2ME + BadOptimizations,entityculling + c2me-fabric + badoptimizations,network,FPS,True,68.32784,63.46159,-7.121913995817797
sodium__ec_mc_fc_bbe,Sodium + EntityCulling + MoreCulling + FerriteCore + Better Block Entities,entityculling + moreculling + ferrite-core + better-block-entities,renderer_fps,FPS,True,40.946780000000004,37.694895,-7.94173558946516
sodium__ec_mc_fc_bbe,Sodium + EntityCulling + MoreCulling + FerriteCore + Better Block Entities,entityculling + moreculling + ferrite-core + better-block-entities,particle,FPS,True,72.07799,64.0155,-11.185786396096775
sodium__ec_mc_fc_bbe,Sodium + EntityCulling + MoreCulling + FerriteCore + Better Block Entities,entityculling + moreculling + ferrite-core + better-block-entities,block_entity,FPS,True,67.30585,58.2401,-13.46948296470516
sodium__ec_mc_fc_bbe,Sodium + EntityCulling + MoreCulling + FerriteCore + Better Block Entities,entityculling + moreculling + ferrite-core + better-block-entities,chunk_generation,FPS,True,46.67772,43.78226,-6.203087897180925
sodium__ec_mc_fc_bbe,Sodium + EntityCulling + MoreCulling + FerriteCore + Better Block Entities,entityculling + moreculling + ferrite-core + better-block-entities,lighting,FPS,True,69.70414,56.69423,-18.664472440230952
sodium__ec_mc_fc_bbe,Sodium + EntityCulling + MoreCulling + FerriteCore + Better Block Entities,entityculling + moreculling + ferrite-core + better-block-entities,memory,MB,False,2027.832,2188.715,7.933744018242139
sodium__ec_mc_fc_bbe,Sodium + EntityCulling + MoreCulling + FerriteCore + Better Block Entities,entityculling + moreculling + ferrite-core + better-block-entities,network,FPS,True,76.01725,66.52446,-12.48767878343402
sodium__ec_mc_li_fc_c2me,Sodium + EntityCulling + MoreCulling + Lithium + FerriteCore + C2ME,entityculling + moreculling + lithium + ferrite-core + c2me-fabric,renderer_fps,FPS,True,33.29752,31.744915,-4.662824738899474
sodium__ec_mc_li_fc_c2me,Sodium + EntityCulling + MoreCulling + Lithium + FerriteCore + C2ME,entityculling + moreculling + lithium + ferrite-core + c2me-fabric,particle,FPS,True,69.92866,60.5735,-13.37814853023065
sodium__ec_mc_li_fc_c2me,Sodium + EntityCulling + MoreCulling + Lithium + FerriteCore + C2ME,entityculling + moreculling + lithium + ferrite-core + c2me-fabric,block_entity,FPS,True,50.1812,54.57693,8.759714793588035
sodium__ec_mc_li_fc_c2me,Sodium + EntityCulling + MoreCulling + Lithium + FerriteCore + C2ME,entityculling + moreculling + lithium + ferrite-core + c2me-fabric,chunk_generation,FPS,True,39.05072,35.58836,-8.866315397001634
sodium__ec_mc_li_fc_c2me,Sodium + EntityCulling + MoreCulling + Lithium + FerriteCore + C2ME,entityculling + moreculling + lithium + ferrite-core + c2me-fabric,lighting,FPS,True,69.24517,66.16462,-4.448757942250703
sodium__ec_mc_li_fc_c2me,Sodium + EntityCulling + MoreCulling + Lithium + FerriteCore + C2ME,entityculling + moreculling + lithium + ferrite-core + c2me-fabric,memory,MB,False,2151.863,2086.84,-3.021707236938398
sodium__ec_mc_li_fc_c2me,Sodium + EntityCulling + MoreCulling + Lithium + FerriteCore + C2ME,entityculling + moreculling + lithium + ferrite-core + c2me-fabric,network,FPS,True,67.72598,65.61742,-3.1133694927707345
sodium__ec_mc_c2me,Sodium + EntityCulling + MoreCulling + C2ME,entityculling + moreculling + c2me-fabric,renderer_fps,FPS,True,12.45403,10.41796,-16.34868391998412
sodium__ec_mc_c2me,Sodium + EntityCulling + MoreCulling + C2ME,entityculling + moreculling + c2me-fabric,particle,FPS,True,18.74749,17.50847,-6.608991390314111
sodium__ec_mc_c2me,Sodium + EntityCulling + MoreCulling + C2ME,entityculling + moreculling + c2me-fabric,block_entity,FPS,True,14.55257,14.6011,0.3334806154514425
sodium__ec_mc_c2me,Sodium + EntityCulling + MoreCulling + C2ME,entityculling + moreculling + c2me-fabric,chunk_generation,FPS,True,22.18852,22.10511,-0.3759151128601701
sodium__ec_mc_c2me,Sodium + EntityCulling + MoreCulling + C2ME,entityculling + moreculling + c2me-fabric,lighting,FPS,True,22.78569,21.45812,-5.826332228692643
sodium__ec_mc_c2me,Sodium + EntityCulling + MoreCulling + C2ME,entityculling + moreculling + c2me-fabric,memory,MB,False,1934.312,2154.305,11.373191088097467
sodium__ec_mc_c2me,Sodium + EntityCulling + MoreCulling + C2ME,entityculling + moreculling + c2me-fabric,network,FPS,True,22.77968,19.44465,-14.640372472308648
sodium__if_fc_c2me_bo,Sodium + ImmediatelyFast + FerriteCore + C2ME + BadOptimizations,immediatelyfast + ferrite-core + c2me-fabric + badoptimizations,renderer_fps,FPS,True,11.938015,10.471250000000001,-12.28650659259516
sodium__if_fc_c2me_bo,Sodium + ImmediatelyFast + FerriteCore + C2ME + BadOptimizations,immediatelyfast + ferrite-core + c2me-fabric + badoptimizations,particle,FPS,True,24.88716,19.26155,-22.604467524619132
sodium__if_fc_c2me_bo,Sodium + ImmediatelyFast + FerriteCore + C2ME + BadOptimizations,immediatelyfast + ferrite-core + c2me-fabric + badoptimizations,block_entity,FPS,True,15.75605,15.81116,0.3497704056536932
sodium__if_fc_c2me_bo,Sodium + ImmediatelyFast + FerriteCore + C2ME + BadOptimizations,immediatelyfast + ferrite-core + c2me-fabric + badoptimizations,chunk_generation,FPS,True,23.40554,22.57857,-3.5332233308866146
sodium__if_fc_c2me_bo,Sodium + ImmediatelyFast + FerriteCore + C2ME + BadOptimizations,immediatelyfast + ferrite-core + c2me-fabric + badoptimizations,lighting,FPS,True,21.40499,20.17275,-5.756788487170517
sodium__if_fc_c2me_bo,Sodium + ImmediatelyFast + FerriteCore + C2ME + BadOptimizations,immediatelyfast + ferrite-core + c2me-fabric + badoptimizations,memory,MB,False,1906.52,2006.586,5.24862052325703
sodium__if_fc_c2me_bo,Sodium + ImmediatelyFast + FerriteCore + C2ME + BadOptimizations,immediatelyfast + ferrite-core + c2me-fabric + badoptimizations,network,FPS,True,23.45787,22.25906,-5.110481045380499
sodium__if_mc_li_bo_bbe,Sodium + ImmediatelyFast + MoreCulling + Lithium + BadOptimizations + Better Block Entities,immediatelyfast + moreculling + lithium + badoptimizations + better-block-entities,renderer_fps,FPS,True,15.465330000000002,15.845044999999999,2.455266069330553
sodium__if_mc_li_bo_bbe,Sodium + ImmediatelyFast + MoreCulling + Lithium + BadOptimizations + Better Block Entities,immediatelyfast + moreculling + lithium + badoptimizations + better-block-entities,particle,FPS,True,39.35788,36.08816,-8.30766291273819
sodium__if_mc_li_bo_bbe,Sodium + ImmediatelyFast + MoreCulling + Lithium + BadOptimizations + Better Block Entities,immediatelyfast + moreculling + lithium + badoptimizations + better-block-entities,block_entity,FPS,True,30.69298,22.72813,-25.95007066762497
sodium__if_mc_li_bo_bbe,Sodium + ImmediatelyFast + MoreCulling + Lithium + BadOptimizations + Better Block Entities,immediatelyfast + moreculling + lithium + badoptimizations + better-block-entities,chunk_generation,FPS,True,24.568,26.06569,6.096100618690969
sodium__if_mc_li_bo_bbe,Sodium + ImmediatelyFast + MoreCulling + Lithium + BadOptimizations + Better Block Entities,immediatelyfast + moreculling + lithium + badoptimizations + better-block-entities,lighting,FPS,True,45.63658,36.39737,-20.245184893346526
sodium__if_mc_li_bo_bbe,Sodium + ImmediatelyFast + MoreCulling + Lithium + BadOptimizations + Better Block Entities,immediatelyfast + moreculling + lithium + badoptimizations + better-block-entities,memory,MB,False,1845.32,2036.73,10.372726681551182
sodium__if_mc_li_bo_bbe,Sodium + ImmediatelyFast + MoreCulling + Lithium + BadOptimizations + Better Block Entities,immediatelyfast + moreculling + lithium + badoptimizations + better-block-entities,network,FPS,True,41.82732,35.32077,-15.55574203654453
sodium__if_ec_li_fc_c2me_bo_bbe,Sodium + ImmediatelyFast + EntityCulling + Lithium + FerriteCore + C2ME + BadOptimizations + Better Block Entities,immediatelyfast + entityculling + lithium + ferrite-core + c2me-fabric + badoptimizations + better-block-entities,renderer_fps,FPS,True,12.86594,11.171875,-13.167051921585205
sodium__if_ec_li_fc_c2me_bo_bbe,Sodium + ImmediatelyFast + EntityCulling + Lithium + FerriteCore + C2ME + BadOptimizations + Better Block Entities,immediatelyfast + entityculling + lithium + ferrite-core + c2me-fabric + badoptimizations + better-block-entities,particle,FPS,True,23.40606,18.92747,-19.13431820648157
sodium__if_ec_li_fc_c2me_bo_bbe,Sodium + ImmediatelyFast + EntityCulling + Lithium + FerriteCore + C2ME + BadOptimizations + Better Block Entities,immediatelyfast + entityculling + lithium + ferrite-core + c2me-fabric + badoptimizations + better-block-entities,block_entity,FPS,True,20.00528,17.62408,-11.902857645581566
sodium__if_ec_li_fc_c2me_bo_bbe,Sodium + ImmediatelyFast + EntityCulling + Lithium + FerriteCore + C2ME + BadOptimizations + Better Block Entities,immediatelyfast + entityculling + lithium + ferrite-core + c2me-fabric + badoptimizations + better-block-entities,chunk_generation,FPS,True,22.92819,20.50031,-10.589060889673373
sodium__if_ec_li_fc_c2me_bo_bbe,Sodium + ImmediatelyFast + EntityCulling + Lithium + FerriteCore + C2ME + BadOptimizations + Better Block Entities,immediatelyfast + entityculling + lithium + ferrite-core + c2me-fabric + badoptimizations + better-block-entities,lighting,FPS,True,27.19577,22.02885,-18.99898403317869
sodium__if_ec_li_fc_c2me_bo_bbe,Sodium + ImmediatelyFast + EntityCulling + Lithium + FerriteCore + C2ME + BadOptimizations + Better Block Entities,immediatelyfast + entityculling + lithium + ferrite-core + c2me-fabric + badoptimizations + better-block-entities,memory,MB,False,2026.383,1974.281,-2.5711822493576064
sodium__if_ec_li_fc_c2me_bo_bbe,Sodium + ImmediatelyFast + EntityCulling + Lithium + FerriteCore + C2ME + BadOptimizations + Better Block Entities,immediatelyfast + entityculling + lithium + ferrite-core + c2me-fabric + badoptimizations + better-block-entities,network,FPS,True,29.22616,26.81474,-8.250895772828182
sodium__ec_mc_bo,Sodium + EntityCulling + MoreCulling + BadOptimizations,entityculling + moreculling + badoptimizations,renderer_fps,FPS,True,26.903295,27.033455,0.4838069091536834
sodium__ec_mc_bo,Sodium + EntityCulling + MoreCulling + BadOptimizations,entityculling + moreculling + badoptimizations,particle,FPS,True,59.08132,50.32455,-14.821554427016858
sodium__ec_mc_bo,Sodium + EntityCulling + MoreCulling + BadOptimizations,entityculling + moreculling + badoptimizations,block_entity,FPS,True,47.50338,35.06764,-26.178642446074374
sodium__ec_mc_bo,Sodium + EntityCulling + MoreCulling + BadOptimizations,entityculling + moreculling + badoptimizations,chunk_generation,FPS,True,35.3613,37.31438,5.52321323028282
sodium__ec_mc_bo,Sodium + EntityCulling + MoreCulling + BadOptimizations,entityculling + moreculling + badoptimizations,lighting,FPS,True,50.47939,48.42784,-4.064133897022126
sodium__ec_mc_bo,Sodium + EntityCulling + MoreCulling + BadOptimizations,entityculling + moreculling + badoptimizations,memory,MB,False,1925.457,1942.812,0.9013444600424636
sodium__ec_mc_bo,Sodium + EntityCulling + MoreCulling + BadOptimizations,entityculling + moreculling + badoptimizations,network,FPS,True,57.41403,45.48503,-20.777151508089563
sodium__if_fc_c2me_bbe,Sodium + ImmediatelyFast + FerriteCore + C2ME + Better Block Entities,immediatelyfast + ferrite-core + c2me-fabric + better-block-entities,renderer_fps,FPS,True,23.359515000000002,20.68672,-11.44199697639271
sodium__if_fc_c2me_bbe,Sodium + ImmediatelyFast + FerriteCore + C2ME + Better Block Entities,immediatelyfast + ferrite-core + c2me-fabric + better-block-entities,particle,FPS,True,49.6184,34.24302,-30.987254728084746
sodium__if_fc_c2me_bbe,Sodium + ImmediatelyFast + FerriteCore + C2ME + Better Block Entities,immediatelyfast + ferrite-core + c2me-fabric + better-block-entities,block_entity,FPS,True,33.54532,30.63598,-8.672864053763673
sodium__if_fc_c2me_bbe,Sodium + ImmediatelyFast + FerriteCore + C2ME + Better Block Entities,immediatelyfast + ferrite-core + c2me-fabric + better-block-entities,chunk_generation,FPS,True,40.56063,31.32592,-22.767669042615957
sodium__if_fc_c2me_bbe,Sodium + ImmediatelyFast + FerriteCore + C2ME + Better Block Entities,immediatelyfast + ferrite-core + c2me-fabric + better-block-entities,lighting,FPS,True,46.9014,36.87706,-21.373221268448283
sodium__if_fc_c2me_bbe,Sodium + ImmediatelyFast + FerriteCore + C2ME + Better Block Entities,immediatelyfast + ferrite-core + c2me-fabric + better-block-entities,memory,MB,False,2091.09,2024.879,-3.166339086313852
sodium__if_fc_c2me_bbe,Sodium + ImmediatelyFast + FerriteCore + C2ME + Better Block Entities,immediatelyfast + ferrite-core + c2me-fabric + better-block-entities,network,FPS,True,51.68068,41.84881,-19.024265934581365
sodium__if_mc_fc_c2me_bo,Sodium + ImmediatelyFast + MoreCulling + FerriteCore + C2ME + BadOptimizations,immediatelyfast + moreculling + ferrite-core + c2me-fabric + badoptimizations,renderer_fps,FPS,True,21.465005,19.671035,-8.357650044805498
sodium__if_mc_fc_c2me_bo,Sodium + ImmediatelyFast + MoreCulling + FerriteCore + C2ME + BadOptimizations,immediatelyfast + moreculling + ferrite-core + c2me-fabric + badoptimizations,particle,FPS,True,36.38459,34.58348,-4.950200070964117
sodium__if_mc_fc_c2me_bo,Sodium + ImmediatelyFast + MoreCulling + FerriteCore + C2ME + BadOptimizations,immediatelyfast + moreculling + ferrite-core + c2me-fabric + badoptimizations,block_entity,FPS,True,30.27762,27.1416,-10.357551221000849
sodium__if_mc_fc_c2me_bo,Sodium + ImmediatelyFast + MoreCulling + FerriteCore + C2ME + BadOptimizations,immediatelyfast + moreculling + ferrite-core + c2me-fabric + badoptimizations,chunk_generation,FPS,True,41.07756,32.03464,-22.01425790626317
sodium__if_mc_fc_c2me_bo,Sodium + ImmediatelyFast + MoreCulling + FerriteCore + C2ME + BadOptimizations,immediatelyfast + moreculling + ferrite-core + c2me-fabric + badoptimizations,lighting,FPS,True,45.5469,35.32616,-22.440034338231573
sodium__if_mc_fc_c2me_bo,Sodium + ImmediatelyFast + MoreCulling + FerriteCore + C2ME + BadOptimizations,immediatelyfast + moreculling + ferrite-core + c2me-fabric + badoptimizations,memory,MB,False,2281.938,2178.969,-4.512348714119319
sodium__if_mc_fc_c2me_bo,Sodium + ImmediatelyFast + MoreCulling + FerriteCore + C2ME + BadOptimizations,immediatelyfast + moreculling + ferrite-core + c2me-fabric + badoptimizations,network,FPS,True,48.12452,41.91665,-12.899598790803523
sodium__if_mc_li_fc_c2me_bo_bbe,Sodium + ImmediatelyFast + MoreCulling + Lithium + FerriteCore + C2ME + BadOptimizations + Better Block Entities,immediatelyfast + moreculling + lithium + ferrite-core + c2me-fabric + badoptimizations + better-block-entities,renderer_fps,FPS,True,24.561595,20.849845000000002,-15.112007180315445
sodium__if_mc_li_fc_c2me_bo_bbe,Sodium + ImmediatelyFast + MoreCulling + Lithium + FerriteCore + C2ME + BadOptimizations + Better Block Entities,immediatelyfast + moreculling + lithium + ferrite-core + c2me-fabric + badoptimizations + better-block-entities,particle,FPS,True,42.83049,37.05716,-13.479486225817162
sodium__if_mc_li_fc_c2me_bo_bbe,Sodium + ImmediatelyFast + MoreCulling + Lithium + FerriteCore + C2ME + BadOptimizations + Better Block Entities,immediatelyfast + moreculling + lithium + ferrite-core + c2me-fabric + badoptimizations + better-block-entities,block_entity,FPS,True,33.09032,28.46961,-13.963932654625278
sodium__if_mc_li_fc_c2me_bo_bbe,Sodium + ImmediatelyFast + MoreCulling + Lithium + FerriteCore + C2ME + BadOptimizations + Better Block Entities,immediatelyfast + moreculling + lithium + ferrite-core + c2me-fabric + badoptimizations + better-block-entities,chunk_generation,FPS,True,33.89749,29.82235,-12.02195206783746
sodium__if_mc_li_fc_c2me_bo_bbe,Sodium + ImmediatelyFast + MoreCulling + Lithium + FerriteCore + C2ME + BadOptimizations + Better Block Entities,immediatelyfast + moreculling + lithium + ferrite-core + c2me-fabric + badoptimizations + better-block-entities,lighting,FPS,True,47.60392,37.73383,-20.733775705866254
sodium__if_mc_li_fc_c2me_bo_bbe,Sodium + ImmediatelyFast + MoreCulling + Lithium + FerriteCore + C2ME + BadOptimizations + Better Block Entities,immediatelyfast + moreculling + lithium + ferrite-core + c2me-fabric + badoptimizations + better-block-entities,memory,MB,False,1948.301,1914.988,-1.709848734872066
sodium__if_mc_li_fc_c2me_bo_bbe,Sodium + ImmediatelyFast + MoreCulling + Lithium + FerriteCore + C2ME + BadOptimizations + Better Block Entities,immediatelyfast + moreculling + lithium + ferrite-core + c2me-fabric + badoptimizations + better-block-entities,network,FPS,True,56.93363,43.6814,-23.276629296252505
sodium__ec_mc_bbe,Sodium + EntityCulling + MoreCulling + Better Block Entities,entityculling + moreculling + better-block-entities,renderer_fps,FPS,True,12.60323,10.642244999999999,-15.559384380035922
sodium__ec_mc_bbe,Sodium + EntityCulling + MoreCulling + Better Block Entities,entityculling + moreculling + better-block-entities,particle,FPS,True,30.05966,28.2394,-6.055490980270573
sodium__ec_mc_bbe,Sodium + EntityCulling + MoreCulling + Better Block Entities,entityculling + moreculling + better-block-entities,block_entity,FPS,True,18.01488,17.90704,-0.5986162550069896
sodium__ec_mc_bbe,Sodium + EntityCulling + MoreCulling + Better Block Entities,entityculling + moreculling + better-block-entities,chunk_generation,FPS,True,17.98178,18.48622,2.805284015264342
sodium__ec_mc_bbe,Sodium + EntityCulling + MoreCulling + Better Block Entities,entityculling + moreculling + better-block-entities,lighting,FPS,True,31.40013,26.13164,-16.77856110786803
sodium__ec_mc_bbe,Sodium + EntityCulling + MoreCulling + Better Block Entities,entityculling + moreculling + better-block-entities,memory,MB,False,1997.402,2157.305,8.005549208421737
sodium__ec_mc_bbe,Sodium + EntityCulling + MoreCulling + Better Block Entities,entityculling + moreculling + better-block-entities,network,FPS,True,29.97202,30.57095,1.998297078408462
sodium__if_fc_bo_bbe,Sodium + ImmediatelyFast + FerriteCore + BadOptimizations + Better Block Entities,immediatelyfast + ferrite-core + badoptimizations + better-block-entities,renderer_fps,FPS,True,14.793405,11.882245,-19.678769019032472
sodium__if_fc_bo_bbe,Sodium + ImmediatelyFast + FerriteCore + BadOptimizations + Better Block Entities,immediatelyfast + ferrite-core + badoptimizations + better-block-entities,particle,FPS,True,33.29988,30.38821,-8.743785262889837
sodium__if_fc_bo_bbe,Sodium + ImmediatelyFast + FerriteCore + BadOptimizations + Better Block Entities,immediatelyfast + ferrite-core + badoptimizations + better-block-entities,block_entity,FPS,True,25.95342,24.9323,-3.9344333039730395
sodium__if_fc_bo_bbe,Sodium + ImmediatelyFast + FerriteCore + BadOptimizations + Better Block Entities,immediatelyfast + ferrite-core + badoptimizations + better-block-entities,chunk_generation,FPS,True,22.29416,19.51021,-12.48735094751271
sodium__if_fc_bo_bbe,Sodium + ImmediatelyFast + FerriteCore + BadOptimizations + Better Block Entities,immediatelyfast + ferrite-core + badoptimizations + better-block-entities,lighting,FPS,True,33.41731,28.70806,-14.09224740112236
sodium__if_fc_bo_bbe,Sodium + ImmediatelyFast + FerriteCore + BadOptimizations + Better Block Entities,immediatelyfast + ferrite-core + badoptimizations + better-block-entities,memory,MB,False,1910.918,2085.855,9.154605273486371
sodium__if_fc_bo_bbe,Sodium + ImmediatelyFast + FerriteCore + BadOptimizations + Better Block Entities,immediatelyfast + ferrite-core + badoptimizations + better-block-entities,network,FPS,True,37.39107,32.36186,-13.450297089652686
sodium__if_mc_fc_c2me_bbe,Sodium + ImmediatelyFast + MoreCulling + FerriteCore + C2ME + Better Block Entities,immediatelyfast + moreculling + ferrite-core + c2me-fabric + better-block-entities,renderer_fps,FPS,True,12.92387,9.799949999999999,-24.171707081547567
sodium__if_mc_fc_c2me_bbe,Sodium + ImmediatelyFast + MoreCulling + FerriteCore + C2ME + Better Block Entities,immediatelyfast + moreculling + ferrite-core + c2me-fabric + better-block-entities,particle,FPS,True,16.39205,13.62135,-16.902705884864933
sodium__if_mc_fc_c2me_bbe,Sodium + ImmediatelyFast + MoreCulling + FerriteCore + C2ME + Better Block Entities,immediatelyfast + moreculling + ferrite-core + c2me-fabric + better-block-entities,block_entity,FPS,True,15.75293,12.31122,-21.848062550903226
sodium__if_mc_fc_c2me_bbe,Sodium + ImmediatelyFast + MoreCulling + FerriteCore + C2ME + Better Block Entities,immediatelyfast + moreculling + ferrite-core + c2me-fabric + better-block-entities,chunk_generation,FPS,True,21.69261,20.74757,-4.3565066628681315
sodium__if_mc_fc_c2me_bbe,Sodium + ImmediatelyFast + MoreCulling + FerriteCore + C2ME + Better Block Entities,immediatelyfast + moreculling + ferrite-core + c2me-fabric + better-block-entities,lighting,FPS,True,18.20161,14.58172,-19.88774619388064
sodium__if_mc_fc_c2me_bbe,Sodium + ImmediatelyFast + MoreCulling + FerriteCore + C2ME + Better Block Entities,immediatelyfast + moreculling + ferrite-core + c2me-fabric + better-block-entities,memory,MB,False,2004.621,2011.367,0.3365224648449683
sodium__if_mc_fc_c2me_bbe,Sodium + ImmediatelyFast + MoreCulling + FerriteCore + C2ME + Better Block Entities,immediatelyfast + moreculling + ferrite-core + c2me-fabric + better-block-entities,network,FPS,True,20.19143,18.18728,-9.92574572479512
sodium__ec_mc_li_fc_c2me_bo_bbe,Sodium + EntityCulling + MoreCulling + Lithium + FerriteCore + C2ME + BadOptimizations + Better Block Entities,entityculling + moreculling + lithium + ferrite-core + c2me-fabric + badoptimizations + better-block-entities,renderer_fps,FPS,True,13.457865,10.198475,-24.219220507859163
sodium__ec_mc_li_fc_c2me_bo_bbe,Sodium + EntityCulling + MoreCulling + Lithium + FerriteCore + C2ME + BadOptimizations + Better Block Entities,entityculling + moreculling + lithium + ferrite-core + c2me-fabric + badoptimizations + better-block-entities,particle,FPS,True,21.57082,21.38593,-0.8571301415523536
sodium__ec_mc_li_fc_c2me_bo_bbe,Sodium + EntityCulling + MoreCulling + Lithium + FerriteCore + C2ME + BadOptimizations + Better Block Entities,entityculling + moreculling + lithium + ferrite-core + c2me-fabric + badoptimizations + better-block-entities,block_entity,FPS,True,14.59445,13.45333,-7.818862649842928
sodium__ec_mc_li_fc_c2me_bo_bbe,Sodium + EntityCulling + MoreCulling + Lithium + FerriteCore + C2ME + BadOptimizations + Better Block Entities,entityculling + moreculling + lithium + ferrite-core + c2me-fabric + badoptimizations + better-block-entities,chunk_generation,FPS,True,20.54749,21.39108,4.105562285223163
sodium__ec_mc_li_fc_c2me_bo_bbe,Sodium + EntityCulling + MoreCulling + Lithium + FerriteCore + C2ME + BadOptimizations + Better Block Entities,entityculling + moreculling + lithium + ferrite-core + c2me-fabric + badoptimizations + better-block-entities,lighting,FPS,True,20.63063,17.93977,-13.043033586468278
sodium__ec_mc_li_fc_c2me_bo_bbe,Sodium + EntityCulling + MoreCulling + Lithium + FerriteCore + C2ME + BadOptimizations + Better Block Entities,entityculling + moreculling + lithium + ferrite-core + c2me-fabric + badoptimizations + better-block-entities,memory,MB,False,1857.785,1999.117,7.607554157235619
sodium__ec_mc_li_fc_c2me_bo_bbe,Sodium + EntityCulling + MoreCulling + Lithium + FerriteCore + C2ME + BadOptimizations + Better Block Entities,entityculling + moreculling + lithium + ferrite-core + c2me-fabric + badoptimizations + better-block-entities,network,FPS,True,20.20684,22.41369,10.9213018957937
sodium__ec_li_fc,Sodium + EntityCulling + Lithium + FerriteCore,entityculling + lithium + ferrite-core,renderer_fps,FPS,True,12.77714,15.468975,21.067586329961173
sodium__ec_li_fc,Sodium + EntityCulling + Lithium + FerriteCore,entityculling + lithium + ferrite-core,particle,FPS,True,29.93094,31.15497,4.089514061369259
sodium__ec_li_fc,Sodium + EntityCulling + Lithium + FerriteCore,entityculling + lithium + ferrite-core,block_entity,FPS,True,27.60353,21.69601,-21.401320773104015
sodium__ec_li_fc,Sodium + EntityCulling + Lithium + FerriteCore,entityculling + lithium + ferrite-core,chunk_generation,FPS,True,22.88217,21.12477,-7.680215643883415
sodium__ec_li_fc,Sodium + EntityCulling + Lithium + FerriteCore,entityculling + lithium + ferrite-core,lighting,FPS,True,39.06755,30.53402,-21.84301293528772
sodium__ec_li_fc,Sodium + EntityCulling + Lithium + FerriteCore,entityculling + lithium + ferrite-core,memory,MB,False,1811.02,1981.414,9.408730991375025
sodium__ec_li_fc,Sodium + EntityCulling + Lithium + FerriteCore,entityculling + lithium + ferrite-core,network,FPS,True,39.63028,30.74724,-22.414779809781805
sodium__if_c2me_bo_bbe,Sodium + ImmediatelyFast + C2ME + BadOptimizations + Better Block Entities,immediatelyfast + c2me-fabric + badoptimizations + better-block-entities,renderer_fps,FPS,True,11.50493,10.630825,-7.597655961400895
sodium__if_c2me_bo_bbe,Sodium + ImmediatelyFast + C2ME + BadOptimizations + Better Block Entities,immediatelyfast + c2me-fabric + badoptimizations + better-block-entities,particle,FPS,True,17.95101,18.83754,4.938607911198312
sodium__if_c2me_bo_bbe,Sodium + ImmediatelyFast + C2ME + BadOptimizations + Better Block Entities,immediatelyfast + c2me-fabric + badoptimizations + better-block-entities,block_entity,FPS,True,17.30882,16.89888,-2.3683879085922843
sodium__if_c2me_bo_bbe,Sodium + ImmediatelyFast + C2ME + BadOptimizations + Better Block Entities,immediatelyfast + c2me-fabric + badoptimizations + better-block-entities,chunk_generation,FPS,True,22.25784,21.55557,-3.155157912897222
sodium__if_c2me_bo_bbe,Sodium + ImmediatelyFast + C2ME + BadOptimizations + Better Block Entities,immediatelyfast + c2me-fabric + badoptimizations + better-block-entities,lighting,FPS,True,20.90699,18.55416,-11.253795979239477
sodium__if_c2me_bo_bbe,Sodium + ImmediatelyFast + C2ME + BadOptimizations + Better Block Entities,immediatelyfast + c2me-fabric + badoptimizations + better-block-entities,memory,MB,False,2064.336,2103.977,1.9202784817975438
sodium__if_c2me_bo_bbe,Sodium + ImmediatelyFast + C2ME + BadOptimizations + Better Block Entities,immediatelyfast + c2me-fabric + badoptimizations + better-block-entities,network,FPS,True,19.82538,18.90532,-4.640818990606988
sodium__if_mc_fc_bo_bbe,Sodium + ImmediatelyFast + MoreCulling + FerriteCore + BadOptimizations + Better Block Entities,immediatelyfast + moreculling + ferrite-core + badoptimizations + better-block-entities,renderer_fps,FPS,True,15.247779999999999,14.019065000000001,-8.058320621100235
sodium__if_mc_fc_bo_bbe,Sodium + ImmediatelyFast + MoreCulling + FerriteCore + BadOptimizations + Better Block Entities,immediatelyfast + moreculling + ferrite-core + badoptimizations + better-block-entities,particle,FPS,True,38.43025,29.49312,-23.2554563137112
sodium__if_mc_fc_bo_bbe,Sodium + ImmediatelyFast + MoreCulling + FerriteCore + BadOptimizations + Better Block Entities,immediatelyfast + moreculling + ferrite-core + badoptimizations + better-block-entities,block_entity,FPS,True,26.77241,27.23716,1.735928890973959
sodium__if_mc_fc_bo_bbe,Sodium + ImmediatelyFast + MoreCulling + FerriteCore + BadOptimizations + Better Block Entities,immediatelyfast + moreculling + ferrite-core + badoptimizations + better-block-entities,chunk_generation,FPS,True,23.27543,19.25178,-17.287113492640096
sodium__if_mc_fc_bo_bbe,Sodium + ImmediatelyFast + MoreCulling + FerriteCore + BadOptimizations + Better Block Entities,immediatelyfast + moreculling + ferrite-core + badoptimizations + better-block-entities,lighting,FPS,True,37.26979,31.01169,-16.791347630346188
sodium__if_mc_fc_bo_bbe,Sodium + ImmediatelyFast + MoreCulling + FerriteCore + BadOptimizations + Better Block Entities,immediatelyfast + moreculling + ferrite-core + badoptimizations + better-block-entities,memory,MB,False,1849.004,2024.148,9.472342947878975
sodium__if_mc_fc_bo_bbe,Sodium + ImmediatelyFast + MoreCulling + FerriteCore + BadOptimizations + Better Block Entities,immediatelyfast + moreculling + ferrite-core + badoptimizations + better-block-entities,network,FPS,True,38.18673,32.20534,-15.663530236812628
sodium__if_ec_mc_li_fc_c2me_bo_bbe,Sodium + ImmediatelyFast + EntityCulling + MoreCulling + Lithium + FerriteCore + C2ME + BadOptimizations + Better Block Entities,immediatelyfast + entityculling + moreculling + lithium + ferrite-core + c2me-fabric + badoptimizations + better-block-entities,renderer_fps,FPS,True,13.08031,12.838239999999999,-1.8506442125607259
sodium__if_ec_mc_li_fc_c2me_bo_bbe,Sodium + ImmediatelyFast + EntityCulling + MoreCulling + Lithium + FerriteCore + C2ME + BadOptimizations + Better Block Entities,immediatelyfast + entityculling + moreculling + lithium + ferrite-core + c2me-fabric + badoptimizations + better-block-entities,particle,FPS,True,18.71738,22.87056,22.188896095500567
sodium__if_ec_mc_li_fc_c2me_bo_bbe,Sodium + ImmediatelyFast + EntityCulling + MoreCulling + Lithium + FerriteCore + C2ME + BadOptimizations + Better Block Entities,immediatelyfast + entityculling + moreculling + lithium + ferrite-core + c2me-fabric + badoptimizations + better-block-entities,block_entity,FPS,True,16.99239,14.76416,-13.113105337153863
sodium__if_ec_mc_li_fc_c2me_bo_bbe,Sodium + ImmediatelyFast + EntityCulling + MoreCulling + Lithium + FerriteCore + C2ME + BadOptimizations + Better Block Entities,immediatelyfast + entityculling + moreculling + lithium + ferrite-core + c2me-fabric + badoptimizations + better-block-entities,chunk_generation,FPS,True,21.53345,22.48937,4.439232914372759
sodium__if_ec_mc_li_fc_c2me_bo_bbe,Sodium + ImmediatelyFast + EntityCulling + MoreCulling + Lithium + FerriteCore + C2ME + BadOptimizations + Better Block Entities,immediatelyfast + entityculling + moreculling + lithium + ferrite-core + c2me-fabric + badoptimizations + better-block-entities,lighting,FPS,True,22.17251,20.45099,-7.764208923572468
sodium__if_ec_mc_li_fc_c2me_bo_bbe,Sodium + ImmediatelyFast + EntityCulling + MoreCulling + Lithium + FerriteCore + C2ME + BadOptimizations + Better Block Entities,immediatelyfast + entityculling + moreculling + lithium + ferrite-core + c2me-fabric + badoptimizations + better-block-entities,memory,MB,False,1859.961,1917.52,3.0946347799765572
sodium__if_ec_mc_li_fc_c2me_bo_bbe,Sodium + ImmediatelyFast + EntityCulling + MoreCulling + Lithium + FerriteCore + C2ME + BadOptimizations + Better Block Entities,immediatelyfast + entityculling + moreculling + lithium + ferrite-core + c2me-fabric + badoptimizations + better-block-entities,network,FPS,True,26.7864,29.60809,10.534039661917994
sodium__bo,Sodium + BadOptimizations,badoptimizations,renderer_fps,FPS,True,13.975100000000001,14.659180000000001,4.894991806856486
sodium__bo,Sodium + BadOptimizations,badoptimizations,particle,FPS,True,34.60553,32.89747,-4.935800723179229
sodium__bo,Sodium + BadOptimizations,badoptimizations,block_entity,FPS,True,30.17058,28.16891,-6.6345095122467
sodium__bo,Sodium + BadOptimizations,badoptimizations,chunk_generation,FPS,True,22.70395,25.29617,11.417484622719831
sodium__bo,Sodium + BadOptimizations,badoptimizations,lighting,FPS,True,41.24698,32.91515,-20.199854631781534
sodium__bo,Sodium + BadOptimizations,badoptimizations,memory,MB,False,1915.129,2163.176,12.951973470194433
sodium__bo,Sodium + BadOptimizations,badoptimizations,network,FPS,True,46.78545,31.68128,-32.283904504498715
sodium__ec_c2me_bbe,Sodium + EntityCulling + C2ME + Better Block Entities,entityculling + c2me-fabric + better-block-entities,renderer_fps,FPS,True,13.235330000000001,10.942585000000001,-17.322915257874183
sodium__ec_c2me_bbe,Sodium + EntityCulling + C2ME + Better Block Entities,entityculling + c2me-fabric + better-block-entities,particle,FPS,True,22.83546,18.67178,-18.233396655902723
sodium__ec_c2me_bbe,Sodium + EntityCulling + C2ME + Better Block Entities,entityculling + c2me-fabric + better-block-entities,block_entity,FPS,True,18.79205,14.61462,-22.229772696432793
sodium__ec_c2me_bbe,Sodium + EntityCulling + C2ME + Better Block Entities,entityculling + c2me-fabric + better-block-entities,chunk_generation,FPS,True,27.99626,21.15421,-24.43915723028719
sodium__ec_c2me_bbe,Sodium + EntityCulling + C2ME + Better Block Entities,entityculling + c2me-fabric + better-block-entities,lighting,FPS,True,23.66183,19.92882,-15.77650587465127
sodium__ec_c2me_bbe,Sodium + EntityCulling + C2ME + Better Block Entities,entityculling + c2me-fabric + better-block-entities,memory,MB,False,2069.562,1935.23,-6.490842023577925
sodium__ec_c2me_bbe,Sodium + EntityCulling + C2ME + Better Block Entities,entityculling + c2me-fabric + better-block-entities,network,FPS,True,25.47433,21.62677,-15.103674954356006
sodium__ec_mc_c2me_bo,Sodium + EntityCulling + MoreCulling + C2ME + BadOptimizations,entityculling + moreculling + c2me-fabric + badoptimizations,renderer_fps,FPS,True,13.772594999999999,12.203395,-11.39364077721009
sodium__ec_mc_c2me_bo,Sodium + EntityCulling + MoreCulling + C2ME + BadOptimizations,entityculling + moreculling + c2me-fabric + badoptimizations,particle,FPS,True,19.8805,21.41358,7.711476069515344
sodium__ec_mc_c2me_bo,Sodium + EntityCulling + MoreCulling + C2ME + BadOptimizations,entityculling + moreculling + c2me-fabric + badoptimizations,block_entity,FPS,True,16.43683,15.69334,-4.523317452331144
sodium__ec_mc_c2me_bo,Sodium + EntityCulling + MoreCulling + C2ME + BadOptimizations,entityculling + moreculling + c2me-fabric + badoptimizations,chunk_generation,FPS,True,27.79521,20.59344,-25.910111850207286
sodium__ec_mc_c2me_bo,Sodium + EntityCulling + MoreCulling + C2ME + BadOptimizations,entityculling + moreculling + c2me-fabric + badoptimizations,lighting,FPS,True,20.01961,20.26105,1.2060174998414164
sodium__ec_mc_c2me_bo,Sodium + EntityCulling + MoreCulling + C2ME + BadOptimizations,entityculling + moreculling + c2me-fabric + badoptimizations,memory,MB,False,1888.391,2292.645,21.407325071979265
sodium__ec_mc_c2me_bo,Sodium + EntityCulling + MoreCulling + C2ME + BadOptimizations,entityculling + moreculling + c2me-fabric + badoptimizations,network,FPS,True,27.13026,23.84964,-12.092106747226161
sodium__ec_mc_li_fc_bo,Sodium + EntityCulling + MoreCulling + Lithium + FerriteCore + BadOptimizations,entityculling + moreculling + lithium + ferrite-core + badoptimizations,renderer_fps,FPS,True,17.36356,14.237605,-18.00296137428039
sodium__ec_mc_li_fc_bo,Sodium + EntityCulling + MoreCulling + Lithium + FerriteCore + BadOptimizations,entityculling + moreculling + lithium + ferrite-core + badoptimizations,particle,FPS,True,38.36477,32.50331,-15.27823573554592
sodium__ec_mc_li_fc_bo,Sodium + EntityCulling + MoreCulling + Lithium + FerriteCore + BadOptimizations,entityculling + moreculling + lithium + ferrite-core + badoptimizations,block_entity,FPS,True,32.07296,25.11565,-21.69213568064813
sodium__ec_mc_li_fc_bo,Sodium + EntityCulling + MoreCulling + Lithium + FerriteCore + BadOptimizations,entityculling + moreculling + lithium + ferrite-core + badoptimizations,chunk_generation,FPS,True,27.14502,23.82526,-12.229720221241314
sodium__ec_mc_li_fc_bo,Sodium + EntityCulling + MoreCulling + Lithium + FerriteCore + BadOptimizations,entityculling + moreculling + lithium + ferrite-core + badoptimizations,lighting,FPS,True,37.6676,32.69764,-13.19425713345156
sodium__ec_mc_li_fc_bo,Sodium + EntityCulling + MoreCulling + Lithium + FerriteCore + BadOptimizations,entityculling + moreculling + lithium + ferrite-core + badoptimizations,memory,MB,False,1808.344,1908.863,5.558621589697532
sodium__ec_mc_li_fc_bo,Sodium + EntityCulling + MoreCulling + Lithium + FerriteCore + BadOptimizations,entityculling + moreculling + lithium + ferrite-core + badoptimizations,network,FPS,True,39.7614,37.99781,-4.435432353991564
sodium__bbe,Sodium + Better Block Entities,better-block-entities,renderer_fps,FPS,True,13.875620000000001,13.931840000000001,0.40517108424704684
sodium__bbe,Sodium + Better Block Entities,better-block-entities,particle,FPS,True,33.7645,30.1787,-10.62002991307438
sodium__bbe,Sodium + Better Block Entities,better-block-entities,block_entity,FPS,True,25.2305,27.62324,9.483521927825445
sodium__bbe,Sodium + Better Block Entities,better-block-entities,chunk_generation,FPS,True,19.98644,21.42629,7.2041344031253285
sodium__bbe,Sodium + Better Block Entities,better-block-entities,lighting,FPS,True,37.5094,32.46705,-13.442896980490227
sodium__bbe,Sodium + Better Block Entities,better-block-entities,memory,MB,False,1813.93,1904.984,5.0197085885342885
sodium__bbe,Sodium + Better Block Entities,better-block-entities,network,FPS,True,39.75442,32.1983,-19.006993436201558
sodium__ec_bo_bbe,Sodium + EntityCulling + BadOptimizations + Better Block Entities,entityculling + badoptimizations + better-block-entities,renderer_fps,FPS,True,17.318075,15.589655,-9.980439511897254
sodium__ec_bo_bbe,Sodium + EntityCulling + BadOptimizations + Better Block Entities,entityculling + badoptimizations + better-block-entities,particle,FPS,True,41.02741,32.64665,-20.427221703734165
sodium__ec_bo_bbe,Sodium + EntityCulling + BadOptimizations + Better Block Entities,entityculling + badoptimizations + better-block-entities,block_entity,FPS,True,27.94827,27.50502,-1.5859657860754939
sodium__ec_bo_bbe,Sodium + EntityCulling + BadOptimizations + Better Block Entities,entityculling + badoptimizations + better-block-entities,chunk_generation,FPS,True,25.61005,21.3695,-16.558148070776912
sodium__ec_bo_bbe,Sodium + EntityCulling + BadOptimizations + Better Block Entities,entityculling + badoptimizations + better-block-entities,lighting,FPS,True,42.51744,37.98746,-10.654404404404405
sodium__ec_bo_bbe,Sodium + EntityCulling + BadOptimizations + Better Block Entities,entityculling + badoptimizations + better-block-entities,memory,MB,False,1813.621,2271.645,25.254670077155026
sodium__ec_bo_bbe,Sodium + EntityCulling + BadOptimizations + Better Block Entities,entityculling + badoptimizations + better-block-entities,network,FPS,True,40.61788,38.81333,-4.442747873596553
sodium__ec_mc_c2me_bbe,Sodium + EntityCulling + MoreCulling + C2ME + Better Block Entities,entityculling + moreculling + c2me-fabric + better-block-entities,renderer_fps,FPS,True,13.607994999999999,9.458185,-30.49538157531656
sodium__ec_mc_c2me_bbe,Sodium + EntityCulling + MoreCulling + C2ME + Better Block Entities,entityculling + moreculling + c2me-fabric + better-block-entities,particle,FPS,True,18.00075,19.7321,9.618210352346424
sodium__ec_mc_c2me_bbe,Sodium + EntityCulling + MoreCulling + C2ME + Better Block Entities,entityculling + moreculling + c2me-fabric + better-block-entities,block_entity,FPS,True,15.28606,13.0992,-14.306237186037485
sodium__ec_mc_c2me_bbe,Sodium + EntityCulling + MoreCulling + C2ME + Better Block Entities,entityculling + moreculling + c2me-fabric + better-block-entities,chunk_generation,FPS,True,24.35808,18.83693,-22.666605906541083
sodium__ec_mc_c2me_bbe,Sodium + EntityCulling + MoreCulling + C2ME + Better Block Entities,entityculling + moreculling + c2me-fabric + better-block-entities,lighting,FPS,True,19.84792,17.24211,-13.12888201887149
sodium__ec_mc_c2me_bbe,Sodium + EntityCulling + MoreCulling + C2ME + Better Block Entities,entityculling + moreculling + c2me-fabric + better-block-entities,memory,MB,False,2125.293,2044.797,-3.7875248259887084
sodium__ec_mc_c2me_bbe,Sodium + EntityCulling + MoreCulling + C2ME + Better Block Entities,entityculling + moreculling + c2me-fabric + better-block-entities,network,FPS,True,28.41924,17.64238,-37.9209999985925
sodium__ec_mc_li_fc_bbe,Sodium + EntityCulling + MoreCulling + Lithium + FerriteCore + Better Block Entities,entityculling + moreculling + lithium + ferrite-core + better-block-entities,renderer_fps,FPS,True,16.26698,13.49536,-17.038319343848706
sodium__ec_mc_li_fc_bbe,Sodium + EntityCulling + MoreCulling + Lithium + FerriteCore + Better Block Entities,entityculling + moreculling + lithium + ferrite-core + better-block-entities,particle,FPS,True,36.84574,28.72484,-22.040268427232025
sodium__ec_mc_li_fc_bbe,Sodium + EntityCulling + MoreCulling + Lithium + FerriteCore + Better Block Entities,entityculling + moreculling + lithium + ferrite-core + better-block-entities,block_entity,FPS,True,26.08769,24.48072,-6.1598784714169685
sodium__ec_mc_li_fc_bbe,Sodium + EntityCulling + MoreCulling + Lithium + FerriteCore + Better Block Entities,entityculling + moreculling + lithium + ferrite-core + better-block-entities,chunk_generation,FPS,True,30.34098,22.69108,-25.21309463306722
sodium__ec_mc_li_fc_bbe,Sodium + EntityCulling + MoreCulling + Lithium + FerriteCore + Better Block Entities,entityculling + moreculling + lithium + ferrite-core + better-block-entities,lighting,FPS,True,36.43262,38.78132,6.446695296687421
sodium__ec_mc_li_fc_bbe,Sodium + EntityCulling + MoreCulling + Lithium + FerriteCore + Better Block Entities,entityculling + moreculling + lithium + ferrite-core + better-block-entities,memory,MB,False,1854.883,1791.402,-3.4223721927474693
sodium__ec_mc_li_fc_bbe,Sodium + EntityCulling + MoreCulling + Lithium + FerriteCore + Better Block Entities,entityculling + moreculling + lithium + ferrite-core + better-block-entities,network,FPS,True,35.05373,38.87208,10.89284934869983
sodium__if_ec,Sodium + ImmediatelyFast + EntityCulling,immediatelyfast + entityculling,renderer_fps,FPS,True,15.98058,15.11754,-5.400554923538447
sodium__if_ec,Sodium + ImmediatelyFast + EntityCulling,immediatelyfast + entityculling,particle,FPS,True,33.83927,31.11036,-8.064328810875644
sodium__if_ec,Sodium + ImmediatelyFast + EntityCulling,immediatelyfast + entityculling,block_entity,FPS,True,27.55089,25.4885,-7.485747284388999
sodium__if_ec,Sodium + ImmediatelyFast + EntityCulling,immediatelyfast + entityculling,chunk_generation,FPS,True,20.61574,17.66506,-14.312753265223554
sodium__if_ec,Sodium + ImmediatelyFast + EntityCulling,immediatelyfast + entityculling,lighting,FPS,True,37.39081,29.95718,-19.880901216100966
sodium__if_ec,Sodium + ImmediatelyFast + EntityCulling,immediatelyfast + entityculling,memory,MB,False,1956.977,2208.07,12.830656670977735
sodium__if_ec,Sodium + ImmediatelyFast + EntityCulling,immediatelyfast + entityculling,network,FPS,True,38.19629,27.6248,-27.67674556874502
sodium__mc_li_fc,Sodium + MoreCulling + Lithium + FerriteCore,moreculling + lithium + ferrite-core,renderer_fps,FPS,True,17.19006,15.15437,-11.842250696041779
sodium__mc_li_fc,Sodium + MoreCulling + Lithium + FerriteCore,moreculling + lithium + ferrite-core,particle,FPS,True,38.15115,26.26435,-31.157121082850715
sodium__mc_li_fc,Sodium + MoreCulling + Lithium + FerriteCore,moreculling + lithium + ferrite-core,block_entity,FPS,True,31.93461,24.29406,-23.925609237125478
sodium__mc_li_fc,Sodium + MoreCulling + Lithium + FerriteCore,moreculling + lithium + ferrite-core,chunk_generation,FPS,True,25.44392,22.93631,-9.855438941798278
sodium__mc_li_fc,Sodium + MoreCulling + Lithium + FerriteCore,moreculling + lithium + ferrite-core,lighting,FPS,True,35.00651,33.49893,-4.306570406475818
sodium__mc_li_fc,Sodium + MoreCulling + Lithium + FerriteCore,moreculling + lithium + ferrite-core,memory,MB,False,1840.398,1827.812,-0.6838738142510459
sodium__mc_li_fc,Sodium + MoreCulling + Lithium + FerriteCore,moreculling + lithium + ferrite-core,network,FPS,True,41.19838,31.24835,-24.151507899097002
sodium__ec_mc_bo_bbe,Sodium + EntityCulling + MoreCulling + BadOptimizations + Better Block Entities,entityculling + moreculling + badoptimizations + better-block-entities,renderer_fps,FPS,True,16.863125,15.665025,-7.104851562210445
sodium__ec_mc_bo_bbe,Sodium + EntityCulling + MoreCulling + BadOptimizations + Better Block Entities,entityculling + moreculling + badoptimizations + better-block-entities,particle,FPS,True,40.00144,32.11064,-19.726289853565284
sodium__ec_mc_bo_bbe,Sodium + EntityCulling + MoreCulling + BadOptimizations + Better Block Entities,entityculling + moreculling + badoptimizations + better-block-entities,block_entity,FPS,True,22.99624,23.53448,2.3405565431566133
sodium__ec_mc_bo_bbe,Sodium + EntityCulling + MoreCulling + BadOptimizations + Better Block Entities,entityculling + moreculling + badoptimizations + better-block-entities,chunk_generation,FPS,True,21.42959,21.28513,-0.674114623751565
sodium__ec_mc_bo_bbe,Sodium + EntityCulling + MoreCulling + BadOptimizations + Better Block Entities,entityculling + moreculling + badoptimizations + better-block-entities,lighting,FPS,True,31.65552,33.77395,6.692134578740139
sodium__ec_mc_bo_bbe,Sodium + EntityCulling + MoreCulling + BadOptimizations + Better Block Entities,entityculling + moreculling + badoptimizations + better-block-entities,memory,MB,False,2246.348,1953.035,-13.057326825585347
sodium__ec_mc_bo_bbe,Sodium + EntityCulling + MoreCulling + BadOptimizations + Better Block Entities,entityculling + moreculling + badoptimizations + better-block-entities,network,FPS,True,43.4827,34.20872,-21.327976413608173
sodium__ec_mc_li_c2me_bo,Sodium + EntityCulling + MoreCulling + Lithium + C2ME + BadOptimizations,entityculling + moreculling + lithium + c2me-fabric + badoptimizations,renderer_fps,FPS,True,12.069569999999999,11.61673,-3.751914939803147
sodium__ec_mc_li_c2me_bo,Sodium + EntityCulling + MoreCulling + Lithium + C2ME + BadOptimizations,entityculling + moreculling + lithium + c2me-fabric + badoptimizations,particle,FPS,True,20.47895,20.55809,0.3864455941344547
sodium__ec_mc_li_c2me_bo,Sodium + EntityCulling + MoreCulling + Lithium + C2ME + BadOptimizations,entityculling + moreculling + lithium + c2me-fabric + badoptimizations,block_entity,FPS,True,17.60863,18.40909,4.545839170906518
sodium__ec_mc_li_c2me_bo,Sodium + EntityCulling + MoreCulling + Lithium + C2ME + BadOptimizations,entityculling + moreculling + lithium + c2me-fabric + badoptimizations,chunk_generation,FPS,True,21.44534,21.38666,-0.2736258786291246
sodium__ec_mc_li_c2me_bo,Sodium + EntityCulling + MoreCulling + Lithium + C2ME + BadOptimizations,entityculling + moreculling + lithium + c2me-fabric + badoptimizations,lighting,FPS,True,20.90566,22.84563,9.279640059199279
sodium__ec_mc_li_c2me_bo,Sodium + EntityCulling + MoreCulling + Lithium + C2ME + BadOptimizations,entityculling + moreculling + lithium + c2me-fabric + badoptimizations,memory,MB,False,1859.051,2063.801,11.013683863433554
sodium__ec_mc_li_c2me_bo,Sodium + EntityCulling + MoreCulling + Lithium + C2ME + BadOptimizations,entityculling + moreculling + lithium + c2me-fabric + badoptimizations,network,FPS,True,20.54782,24.77164,20.55604925486012
